energy,productivity,fun,hunger
0.607356,0.804513,0.712003,0.534876
0.607295,0.80443,0.711932,0.534823
0.607235,0.804346,0.711861,0.534769
0.607174,0.804263,0.71179,0.534716
0.607113,0.80418,0.711718,0.534662
0.607053,0.804096,0.711647,0.534609
0.606992,0.804013,0.711576,0.534555
0.606931,0.803929,0.711505,0.534502
0.60687,0.803846,0.711434,0.534448
0.60681,0.803762,0.711363,0.534395
0.606749,0.803679,0.711292,0.534341
0.606688,0.803596,0.71122,0.534288
0.606628,0.803512,0.711149,0.534235
0.606567,0.803429,0.711078,0.534181
0.606506,0.803346,0.711007,0.534128
0.606446,0.803262,0.710936,0.534074
0.606385,0.803179,0.710865,0.534021
0.606324,0.803096,0.710794,0.533968
0.606264,0.803012,0.710723,0.533914
0.606203,0.802929,0.710652,0.533861
0.606143,0.802846,0.710581,0.533807
0.606082,0.802762,0.71051,0.533754
0.606021,0.802679,0.710438,0.533701
0.605961,0.802596,0.710367,0.533647
0.6059,0.802512,0.710296,0.533594
0.60584,0.802429,0.710225,0.53354
0.605779,0.802346,0.710154,0.533487
0.605718,0.802263,0.710083,0.533434
0.605658,0.80218,0.710012,0.53338
0.605597,0.802096,0.709941,0.533327
0.605537,0.802013,0.70987,0.533274
0.605476,0.80193,0.709799,0.53322
0.605416,0.801847,0.709728,0.533167
0.605355,0.801763,0.709657,0.533114
0.605295,0.80168,0.709586,0.53306
0.605234,0.801597,0.709515,0.533007
0.605173,0.801514,0.709445,0.532954
0.605113,0.801431,0.709374,0.532901
0.605052,0.801348,0.709303,0.532847
0.604992,0.801265,0.709232,0.532794
0.604931,0.801181,0.709161,0.532741
0.604871,0.801098,0.70909,0.532687
0.60481,0.801015,0.709019,0.532634
0.60475,0.800932,0.708948,0.532581
0.60469,0.800849,0.708877,0.532528
0.604629,0.800766,0.708806,0.532474
0.604569,0.800683,0.708735,0.532421
0.604508,0.8006,0.708665,0.532368
0.604448,0.800517,0.708594,0.532315
0.604387,0.800434,0.708523,0.532261
0.604327,0.800351,0.708452,0.532208
0.604266,0.800268,0.708381,0.532155
0.604206,0.800184,0.70831,0.532102
0.604146,0.800101,0.708239,0.532049
0.604085,0.800018,0.708169,0.531995
0.604025,0.799935,0.708098,0.531942
0.603964,0.799852,0.708027,0.531889
0.603904,0.799769,0.707956,0.531836
0.603844,0.799687,0.707885,0.531783
0.603783,0.799604,0.707815,0.531729
0.603723,0.799521,0.707744,0.531676
0.603662,0.799438,0.707673,0.531623
0.603602,0.799355,0.707602,0.53157
0.603542,0.799272,0.707531,0.531517
0.603481,0.799189,0.707461,0.531464
0.603421,0.799106,0.70739,0.53141
0.603361,0.799023,0.707319,0.531357
0.6033,0.79894,0.707249,0.531304
0.60324,0.798857,0.707178,0.531251
0.60318,0.798774,0.707107,0.531198
0.603119,0.798691,0.707036,0.531145
0.603059,0.798609,0.706966,0.531092
0.602999,0.798526,0.706895,0.531039
0.602938,0.798443,0.706824,0.530985
0.602878,0.79836,0.706754,0.530932
0.602818,0.798277,0.706683,0.530879
0.602758,0.798194,0.706612,0.530826
0.602697,0.798112,0.706542,0.530773
0.602637,0.798029,0.706471,0.53072
0.602577,0.797946,0.7064,0.530667
0.602516,0.797863,0.70633,0.530614
0.602456,0.79778,0.706259,0.530561
0.602396,0.797698,0.706188,0.530508
0.602336,0.797615,0.706118,0.530455
0.602275,0.797532,0.706047,0.530402
0.602215,0.797449,0.705977,0.530349
0.602155,0.797367,0.705906,0.530296
0.602095,0.797284,0.705835,0.530243
0.602035,0.797201,0.705765,0.53019
0.601974,0.797119,0.705694,0.530137
0.601914,0.797036,0.705624,0.530084
0.601854,0.796953,0.705553,0.530031
0.601794,0.79687,0.705483,0.529978
0.601734,0.796788,0.705412,0.529925
0.601673,0.796705,0.705341,0.529872
0.601613,0.796622,0.705271,0.529819
0.601553,0.79654,0.7052,0.529766
0.601493,0.796457,0.70513,0.529713
0.601433,0.796375,0.705059,0.52966
0.601373,0.796292,0.704989,0.529607
0.601313,0.796209,0.704918,0.529554
0.601252,0.796127,0.704848,0.529501
0.601192,0.796044,0.704777,0.529448
0.601132,0.795962,0.704707,0.529395
0.601072,0.795879,0.704636,0.529342
0.601012,0.795796,0.704566,0.529289
0.600952,0.795714,0.704495,0.529236
0.600892,0.795631,0.704425,0.529183
0.600832,0.795549,0.704355,0.52913
0.600772,0.795466,0.704284,0.529077
0.600712,0.795384,0.704214,0.529024
0.600651,0.795301,0.704143,0.528971
0.600591,0.795219,0.704073,0.528919
0.600531,0.795136,0.704002,0.528866
0.600471,0.795054,0.703932,0.528813
0.600411,0.794971,0.703862,0.52876
0.600351,0.794889,0.703791,0.528707
0.600291,0.794806,0.703721,0.528654
0.600231,0.794724,0.703651,0.528601
0.600171,0.794641,0.70358,0.528548
0.600111,0.794559,0.70351,0.528496
0.600051,0.794476,0.703439,0.528443
0.599991,0.794394,0.703369,0.52839
0.599931,0.794312,0.703299,0.528337
0.599871,0.794229,0.703228,0.528284
0.599811,0.794147,0.703158,0.528231
0.599751,0.794064,0.703088,0.528179
0.599691,0.793982,0.703018,0.528126
0.599631,0.7939,0.702947,0.528073
0.599571,0.793817,0.702877,0.52802
0.599511,0.793735,0.702807,0.527967
0.599451,0.793653,0.702736,0.527915
0.599391,0.79357,0.702666,0.527862
0.599331,0.793488,0.702596,0.527809
0.599271,0.793406,0.702526,0.527756
0.599212,0.793323,0.702455,0.527703
0.599152,0.793241,0.702385,0.527651
0.599092,0.793159,0.702315,0.527598
0.599032,0.793076,0.702245,0.527545
0.598972,0.792994,0.702174,0.527492
0.598912,0.792912,0.702104,0.52744
0.598852,0.792829,0.702034,0.527387
0.598792,0.792747,0.701964,0.527334
0.598732,0.792665,0.701894,0.527281
0.598672,0.792583,0.701823,0.527229
0.598613,0.792501,0.701753,0.527176
0.598553,0.792418,0.701683,0.527123
0.598493,0.792336,0.701613,0.527071
0.598433,0.792254,0.701543,0.527018
0.598373,0.792172,0.701473,0.526965
0.598313,0.792089,0.701402,0.526912
0.598254,0.792007,0.701332,0.52686
0.598194,0.791925,0.701262,0.526807
0.598134,0.791843,0.701192,0.526754
0.598074,0.791761,0.701122,0.526702
0.598014,0.791679,0.701052,0.526649
0.597954,0.791597,0.700982,0.526596
0.597895,0.791514,0.700912,0.526544
0.597835,0.791432,0.700841,0.526491
0.597775,0.79135,0.700771,0.526438
0.597715,0.791268,0.700701,0.526386
0.597656,0.791186,0.700631,0.526333
0.597596,0.791104,0.700561,0.52628
0.597536,0.791022,0.700491,0.526228
0.597476,0.79094,0.700421,0.526175
0.597417,0.790858,0.700351,0.526123
0.597357,0.790776,0.700281,0.52607
0.597297,0.790694,0.700211,0.526017
0.597237,0.790612,0.700141,0.525965
0.597178,0.79053,0.700071,0.525912
0.597118,0.790448,0.700001,0.52586
0.597058,0.790366,0.699931,0.525807
0.596998,0.790284,0.699861,0.525754
0.596939,0.790202,0.699791,0.525702
0.596879,0.79012,0.699721,0.525649
0.596819,0.790038,0.699651,0.525597
0.59676,0.789956,0.699581,0.525544
0.5967,0.789874,0.699511,0.525492
0.59664,0.789792,0.699441,0.525439
0.596581,0.78971,0.699371,0.525386
0.596521,0.789628,0.699301,0.525334
0.596461,0.789546,0.699231,0.525281
0.596402,0.789464,0.699161,0.525229
0.596342,0.789382,0.699091,0.525176
0.596282,0.7893,0.699022,0.525124
0.596223,0.789218,0.698952,0.525071
0.596163,0.789136,0.698882,0.525019
0.596104,0.789055,0.698812,0.524966
0.596044,0.788973,0.698742,0.524914
0.595984,0.788891,0.698672,0.524861
0.595925,0.788809,0.698602,0.524809
0.595865,0.788727,0.698532,0.524756
0.595806,0.788645,0.698463,0.524704
0.595746,0.788564,0.698393,0.524651
0.595686,0.788482,0.698323,0.524599
0.595627,0.7884,0.698253,0.524547
0.595567,0.788318,0.698183,0.524494
0.595508,0.788236,0.698113,0.524442
0.595448,0.788155,0.698044,0.524389
0.595389,0.788073,0.697974,0.524337
0.595329,0.787991,0.697904,0.524284
0.59527,0.787909,0.697834,0.524232
0.59521,0.787827,0.697764,0.524179
0.595151,0.787746,0.697695,0.524127
0.595091,0.787664,0.697625,0.524075
0.595031,0.787582,0.697555,0.524022
0.594972,0.787501,0.697485,0.52397
0.594912,0.787419,0.697416,0.523917
0.594853,0.787337,0.697346,0.523865
0.594794,0.787256,0.697276,0.523813
0.594734,0.787174,0.697206,0.52376
0.594675,0.787092,0.697137,0.523708
0.594615,0.787011,0.697067,0.523655
0.594556,0.786929,0.696997,0.523603
0.594496,0.786847,0.696927,0.523551
0.594437,0.786766,0.696858,0.523498
0.594377,0.786684,0.696788,0.523446
0.594318,0.786602,0.696718,0.523394
0.594258,0.786521,0.696649,0.523341
0.594199,0.786439,0.696579,0.523289
0.59414,0.786358,0.696509,0.523237
0.59408,0.786276,0.69644,0.523184
0.594021,0.786194,0.69637,0.523132
0.593961,0.786113,0.696301,0.52308
0.593902,0.786031,0.696231,0.523027
0.593843,0.78595,0.696161,0.522975
0.593783,0.785868,0.696092,0.522923
0.593724,0.785787,0.696022,0.522871
0.593664,0.785705,0.695952,0.522818
0.593605,0.785624,0.695883,0.522766
0.593546,0.785542,0.695813,0.522714
0.593486,0.785461,0.695744,0.522661
0.593427,0.785379,0.695674,0.522609
0.593368,0.785298,0.695605,0.522557
0.593308,0.785216,0.695535,0.522505
0.593249,0.785135,0.695465,0.522452
0.59319,0.785053,0.695396,0.5224
0.59313,0.784972,0.695326,0.522348
0.593071,0.78489,0.695257,0.522296
0.593012,0.784809,0.695187,0.522243
0.592952,0.784727,0.695118,0.522191
0.592893,0.784646,0.695048,0.522139
0.592834,0.784565,0.694979,0.522087
0.592775,0.784483,0.694909,0.522035
0.592715,0.784402,0.69484,0.521982
0.592656,0.78432,0.69477,0.52193
0.592597,0.784239,0.694701,0.521878
0.592537,0.784158,0.694631,0.521826
0.592478,0.784076,0.694562,0.521774
0.592419,0.783995,0.694492,0.521721
0.59236,0.783914,0.694423,0.521669
0.5923,0.783832,0.694354,0.521617
0.592241,0.783751,0.694284,0.521565
0.592182,0.78367,0.694215,0.521513
0.592123,0.783588,0.694145,0.521461
0.592064,0.783507,0.694076,0.521408
0.592004,0.783426,0.694006,0.521356
0.591945,0.783345,0.693937,0.521304
0.591886,0.783263,0.693868,0.521252
0.591827,0.783182,0.693798,0.5212
0.591768,0.783101,0.693729,0.521148
0.591708,0.78302,0.693659,0.521096
0.591649,0.782938,0.69359,0.521044
0.59159,0.782857,0.693521,0.520992
0.591531,0.782776,0.693451,0.520939
0.591472,0.782695,0.693382,0.520887
0.591413,0.782613,0.693313,0.520835
0.591354,0.782532,0.693243,0.520783
0.591294,0.782451,0.693174,0.520731
0.591235,0.78237,0.693105,0.520679
0.591176,0.782289,0.693035,0.520627
0.591117,0.782208,0.692966,0.520575
0.591058,0.782126,0.692897,0.520523
0.590999,0.782045,0.692828,0.520471
0.59094,0.781964,0.692758,0.520419
0.590881,0.781883,0.692689,0.520367
0.590822,0.781802,0.69262,0.520315
0.590762,0.781721,0.69255,0.520263
0.590703,0.78164,0.692481,0.520211
0.590644,0.781559,0.692412,0.520159
0.590585,0.781477,0.692343,0.520107
0.590526,0.781396,0.692273,0.520055
0.590467,0.781315,0.692204,0.520003
0.590408,0.781234,0.692135,0.519951
0.590349,0.781153,0.692066,0.519899
0.59029,0.781072,0.691997,0.519847
0.590231,0.780991,0.691927,0.519795
0.590172,0.78091,0.691858,0.519743
0.590113,0.780829,0.691789,0.519691
0.590054,0.780748,0.69172,0.519639
0.589995,0.780667,0.691651,0.519587
0.589936,0.780586,0.691581,0.519535
0.589877,0.780505,0.691512,0.519483
0.589818,0.780424,0.691443,0.519431
0.589759,0.780343,0.691374,0.519379
0.5897,0.780262,0.691305,0.519327
0.589641,0.780181,0.691236,0.519275
0.589582,0.7801,0.691167,0.519223
0.589523,0.780019,0.691098,0.519171
0.589464,0.779938,0.691028,0.519119
0.589405,0.779858,0.690959,0.519067
0.589346,0.779777,0.69089,0.519015
0.589287,0.779696,0.690821,0.518964
0.589228,0.779615,0.690752,0.518912
0.589169,0.779534,0.690683,0.51886
0.589111,0.779453,0.690614,0.518808
0.589052,0.779372,0.690545,0.518756
0.588993,0.779291,0.690476,0.518704
0.588934,0.77921,0.690407,0.518652
0.588875,0.77913,0.690338,0.5186
0.588816,0.779049,0.690269,0.518548
0.588757,0.778968,0.6902,0.518497
0.588698,0.778887,0.690131,0.518445
0.588639,0.778806,0.690062,0.518393
0.588581,0.778726,0.689993,0.518341
0.588522,0.778645,0.689924,0.518289
0.588463,0.778564,0.689855,0.518237
0.588404,0.778483,0.689786,0.518186
0.588345,0.778402,0.689717,0.518134
0.588286,0.778322,0.689648,0.518082
0.588227,0.778241,0.689579,0.51803
0.588169,0.77816,0.68951,0.517978
0.58811,0.778079,0.689441,0.517927
0.588051,0.777999,0.689372,0.517875
0.587992,0.777918,0.689303,0.517823
0.587933,0.777837,0.689234,0.517771
0.587875,0.777757,0.689165,0.517719
0.587816,0.777676,0.689096,0.517668
0.587757,0.777595,0.689027,0.517616
0.587698,0.777515,0.688958,0.517564
0.58764,0.777434,0.688889,0.517512
0.587581,0.777353,0.688821,0.517461
0.587522,0.777273,0.688752,0.517409
0.587463,0.777192,0.688683,0.517357
0.587405,0.777111,0.688614,0.517305
0.587346,0.777031,0.688545,0.517254
0.587287,0.77695,0.688476,0.517202
0.587228,0.776869,0.688407,0.51715
0.58717,0.776789,0.688339,0.517098
0.587111,0.776708,0.68827,0.517047
0.587052,0.776628,0.688201,0.516995
0.586993,0.776547,0.688132,0.516943
0.586935,0.776467,0.688063,0.516892
0.586876,0.776386,0.687994,0.51684
0.586817,0.776305,0.687926,0.516788
0.586759,0.776225,0.687857,0.516737
0.5867,0.776144,0.687788,0.516685
0.586641,0.776064,0.687719,0.516633
0.586583,0.775983,0.687651,0.516582
0.586524,0.775903,0.687582,0.51653
0.586465,0.775822,0.687513,0.516478
0.586407,0.775742,0.687444,0.516427
0.586348,0.775661,0.687375,0.516375
0.586289,0.775581,0.687307,0.516323
0.586231,0.7755,0.687238,0.516272
0.586172,0.77542,0.687169,0.51622
0.586114,0.775339,0.687101,0.516169
0.586055,0.775259,0.687032,0.516117
0.585996,0.775179,0.686963,0.516065
0.585938,0.775098,0.686894,0.516014
0.585879,0.775018,0.686826,0.515962
0.585821,0.774937,0.686757,0.51591
0.585762,0.774857,0.686688,0.515859
0.585703,0.774777,0.68662,0.515807
0.585645,0.774696,0.686551,0.515756
0.585586,0.774616,0.686482,0.515704
0.585528,0.774535,0.686414,0.515653
0.585469,0.774455,0.686345,0.515601
0.585411,0.774375,0.686277,0.515549
0.585352,0.774294,0.686208,0.515498
0.585294,0.774214,0.686139,0.515446
0.585235,0.774134,0.686071,0.515395
0.585176,0.774053,0.686002,0.515343
0.585118,0.773973,0.685933,0.515292
0.585059,0.773893,0.685865,0.51524
0.585001,0.773813,0.685796,0.515189
0.584942,0.773732,0.685728,0.515137
0.584884,0.773652,0.685659,0.515086
0.584825,0.773572,0.685591,0.515034
0.584767,0.773491,0.685522,0.514983
0.584709,0.773411,0.685453,0.514931
0.58465,0.773331,0.685385,0.51488
0.584592,0.773251,0.685316,0.514828
0.584533,0.773171,0.685248,0.514777
0.584475,0.77309,0.685179,0.514725
0.584416,0.77301,0.685111,0.514674
0.584358,0.77293,0.685042,0.514622
0.584299,0.77285,0.684974,0.514571
0.584241,0.77277,0.684905,0.514519
0.584182,0.772689,0.684837,0.514468
0.584124,0.772609,0.684768,0.514416
0.584066,0.772529,0.6847,0.514365
0.584007,0.772449,0.684631,0.514314
0.583949,0.772369,0.684563,0.514262
0.58389,0.772289,0.684494,0.514211
0.583832,0.772208,0.684426,0.514159
0.583774,0.772128,0.684358,0.514108
0.583715,0.772048,0.684289,0.514056
0.583657,0.771968,0.684221,0.514005
0.583599,0.771888,0.684152,0.513954
0.58354,0.771808,0.684084,0.513902
0.583482,0.771728,0.684015,0.513851
0.583424,0.771648,0.683947,0.513799
0.583365,0.771568,0.683879,0.513748
0.583307,0.771488,0.68381,0.513697
0.583248,0.771408,0.683742,0.513645
0.58319,0.771328,0.683673,0.513594
0.583132,0.771248,0.683605,0.513543
0.583074,0.771168,0.683537,0.513491
0.583015,0.771088,0.683468,0.51344
0.582957,0.771008,0.6834,0.513389
0.582899,0.770928,0.683332,0.513337
0.58284,0.770848,0.683263,0.513286
0.582782,0.770768,0.683195,0.513235
0.582724,0.770688,0.683127,0.513183
0.582666,0.770608,0.683058,0.513132
0.582607,0.770528,0.68299,0.513081
0.582549,0.770448,0.682922,0.513029
0.582491,0.770368,0.682854,0.512978
0.582432,0.770288,0.682785,0.512927
0.582374,0.770208,0.682717,0.512875
0.582316,0.770128,0.682649,0.512824
0.582258,0.770048,0.68258,0.512773
0.5822,0.769968,0.682512,0.512722
0.582141,0.769888,0.682444,0.51267
0.582083,0.769809,0.682376,0.512619
0.582025,0.769729,0.682307,0.512568
0.581967,0.769649,0.682239,0.512517
0.581908,0.769569,0.682171,0.512465
0.58185,0.769489,0.682103,0.512414
0.581792,0.769409,0.682035,0.512363
0.581734,0.76933,0.681966,0.512312
0.581676,0.76925,0.681898,0.51226
0.581618,0.76917,0.68183,0.512209
0.581559,0.76909,0.681762,0.512158
0.581501,0.76901,0.681694,0.512107
0.581443,0.768931,0.681625,0.512055
0.581385,0.768851,0.681557,0.512004
0.581327,0.768771,0.681489,0.511953
0.581269,0.768691,0.681421,0.511902
0.581211,0.768611,0.681353,0.511851
0.581152,0.768532,0.681285,0.511799
0.581094,0.768452,0.681217,0.511748
0.581036,0.768372,0.681148,0.511697
0.580978,0.768293,0.68108,0.511646
0.58092,0.768213,0.681012,0.511595
0.580862,0.768133,0.680944,0.511544
0.580804,0.768053,0.680876,0.511492
0.580746,0.767974,0.680808,0.511441
0.580688,0.767894,0.68074,0.51139
0.58063,0.767814,0.680672,0.511339
0.580572,0.767735,0.680604,0.511288
0.580514,0.767655,0.680536,0.511237
0.580455,0.767575,0.680468,0.511186
0.580397,0.767496,0.6804,0.511135
0.580339,0.767416,0.680332,0.511083
0.580281,0.767337,0.680263,0.511032
0.580223,0.767257,0.680195,0.510981
0.580165,0.767177,0.680127,0.51093
0.580107,0.767098,0.680059,0.510879
0.580049,0.767018,0.679991,0.510828
0.579991,0.766939,0.679923,0.510777
0.579933,0.766859,0.679855,0.510726
0.579875,0.766779,0.679787,0.510675
0.579817,0.7667,0.679719,0.510624
0.579759,0.76662,0.679651,0.510573
0.579701,0.766541,0.679584,0.510521
0.579643,0.766461,0.679516,0.51047
0.579585,0.766382,0.679448,0.510419
0.579527,0.766302,0.67938,0.510368
0.579469,0.766223,0.679312,0.510317
0.579412,0.766143,0.679244,0.510266
0.579354,0.766064,0.679176,0.510215
0.579296,0.765984,0.679108,0.510164
0.579238,0.765905,0.67904,0.510113
0.57918,0.765825,0.678972,0.510062
0.579122,0.765746,0.678904,0.510011
0.579064,0.765667,0.678836,0.50996
0.579006,0.765587,0.678768,0.509909
0.578948,0.765508,0.678701,0.509858
0.57889,0.765428,0.678633,0.509807
0.578832,0.765349,0.678565,0.509756
0.578775,0.765269,0.678497,0.509705
0.578717,0.76519,0.678429,0.509654
0.578659,0.765111,0.678361,0.509603
0.578601,0.765031,0.678293,0.509552
0.578543,0.764952,0.678226,0.509501
0.578485,0.764873,0.678158,0.50945
0.578427,0.764793,0.67809,0.5094
0.578369,0.764714,0.678022,0.509349
0.578312,0.764634,0.677954,0.509298
0.578254,0.764555,0.677887,0.509247
0.578196,0.764476,0.677819,0.509196
0.578138,0.764397,0.677751,0.509145
0.57808,0.764317,0.677683,0.509094
0.578023,0.764238,0.677615,0.509043
0.577965,0.764159,0.677548,0.508992
0.577907,0.764079,0.67748,0.508941
0.577849,0.764,0.677412,0.50889
0.577791,0.763921,0.677344,0.508839
0.577734,0.763842,0.677277,0.508789
0.577676,0.763762,0.677209,0.508738
0.577618,0.763683,0.677141,0.508687
0.57756,0.763604,0.677074,0.508636
0.577503,0.763525,0.677006,0.508585
0.577445,0.763445,0.676938,0.508534
0.577387,0.763366,0.67687,0.508483
0.577329,0.763287,0.676803,0.508433
0.577272,0.763208,0.676735,0.508382
0.577214,0.763129,0.676667,0.508331
0.577156,0.763049,0.6766,0.50828
0.577098,0.76297,0.676532,0.508229
0.577041,0.762891,0.676464,0.508178
0.576983,0.762812,0.676397,0.508128
0.576925,0.762733,0.676329,0.508077
0.576868,0.762654,0.676262,0.508026
0.57681,0.762575,0.676194,0.507975
0.576752,0.762495,0.676126,0.507924
0.576695,0.762416,0.676059,0.507874
0.576637,0.762337,0.675991,0.507823
0.576579,0.762258,0.675923,0.507772
0.576522,0.762179,0.675856,0.507721
0.576464,0.7621,0.675788,0.50767
0.576406,0.762021,0.675721,0.50762
0.576349,0.761942,0.675653,0.507569
0.576291,0.761863,0.675586,0.507518
0.576233,0.761784,0.675518,0.507467
0.576176,0.761705,0.67545,0.507417
0.576118,0.761626,0.675383,0.507366
0.576061,0.761547,0.675315,0.507315
0.576003,0.761468,0.675248,0.507264
0.575945,0.761389,0.67518,0.507214
0.575888,0.76131,0.675113,0.507163
0.57583,0.761231,0.675045,0.507112
0.575773,0.761152,0.674978,0.507062
0.575715,0.761073,0.67491,0.507011
0.575657,0.760994,0.674843,0.50696
0.5756,0.760915,0.674775,0.506909
0.575542,0.760836,0.674708,0.506859
0.575485,0.760757,0.67464,0.506808
0.575427,0.760678,0.674573,0.506757
0.57537,0.760599,0.674505,0.506707
0.575312,0.76052,0.674438,0.506656
0.575255,0.760441,0.674371,0.506605
0.575197,0.760362,0.674303,0.506555
0.57514,0.760284,0.674236,0.506504
0.575082,0.760205,0.674168,0.506453
0.575024,0.760126,0.674101,0.506403
0.574967,0.760047,0.674033,0.506352
0.574909,0.759968,0.673966,0.506301
0.574852,0.759889,0.673899,0.506251
0.574795,0.75981,0.673831,0.5062
0.574737,0.759732,0.673764,0.50615
0.57468,0.759653,0.673696,0.506099
0.574622,0.759574,0.673629,0.506048
0.574565,0.759495,0.673562,0.505998
0.574507,0.759416,0.673494,0.505947
0.57445,0.759338,0.673427,0.505897
0.574392,0.759259,0.67336,0.505846
0.574335,0.75918,0.673292,0.505795
0.574277,0.759101,0.673225,0.505745
0.57422,0.759022,0.673158,0.505694
0.574163,0.758944,0.67309,0.505644
0.574105,0.758865,0.673023,0.505593
0.574048,0.758786,0.672956,0.505543
0.57399,0.758707,0.672888,0.505492
0.573933,0.758629,0.672821,0.505441
0.573876,0.75855,0.672754,0.505391
0.573818,0.758471,0.672687,0.50534
0.573761,0.758393,0.672619,0.50529
0.573703,0.758314,0.672552,0.505239
0.573646,0.758235,0.672485,0.505189
0.573589,0.758157,0.672418,0.505138
0.573531,0.758078,0.67235,0.505088
0.573474,0.757999,0.672283,0.505037
0.573417,0.757921,0.672216,0.504987
0.573359,0.757842,0.672149,0.504936
0.573302,0.757763,0.672081,0.504886
0.573245,0.757685,0.672014,0.504835
0.573187,0.757606,0.671947,0.504785
0.57313,0.757528,0.67188,0.504734
0.573073,0.757449,0.671813,0.504684
0.573015,0.75737,0.671745,0.504633
0.572958,0.757292,0.671678,0.504583
0.572901,0.757213,0.671611,0.504532
0.572843,0.757135,0.671544,0.504482
0.572786,0.757056,0.671477,0.504432
0.572729,0.756978,0.67141,0.504381
0.572672,0.756899,0.671343,0.504331
0.572614,0.756821,0.671275,0.50428
0.572557,0.756742,0.671208,0.50423
0.5725,0.756664,0.671141,0.504179
0.572443,0.756585,0.671074,0.504129
0.572385,0.756507,0.671007,0.504079
0.572328,0.756428,0.67094,0.504028
0.572271,0.75635,0.670873,0.503978
0.572214,0.756271,0.670806,0.503927
0.572156,0.756193,0.670739,0.503877
0.572099,0.756114,0.670672,0.503827
0.572042,0.756036,0.670604,0.503776
0.571985,0.755957,0.670537,0.503726
0.571928,0.755879,0.67047,0.503675
0.57187,0.7558,0.670403,0.503625
0.571813,0.755722,0.670336,0.503575
0.571756,0.755644,0.670269,0.503524
0.571699,0.755565,0.670202,0.503474
0.571642,0.755487,0.670135,0.503424
0.571584,0.755408,0.670068,0.503373
0.571527,0.75533,0.670001,0.503323
0.57147,0.755252,0.669934,0.503273
0.571413,0.755173,0.669867,0.503222
0.571356,0.755095,0.6698,0.503172
0.571299,0.755017,0.669733,0.503122
0.571242,0.754938,0.669666,0.503071
0.571185,0.75486,0.669599,0.503021
0.571127,0.754782,0.669532,0.502971
0.57107,0.754703,0.669465,0.50292
0.571013,0.754625,0.669398,0.50287
0.570956,0.754547,0.669331,0.50282
0.570899,0.754469,0.669265,0.50277
0.570842,0.75439,0.669198,0.502719
0.570785,0.754312,0.669131,0.502669
0.570728,0.754234,0.669064,0.502619
0.570671,0.754155,0.668997,0.502568
0.570614,0.754077,0.66893,0.502518
0.570557,0.753999,0.668863,0.502468
0.570499,0.753921,0.668796,0.502418
0.570442,0.753843,0.668729,0.502368
0.570385,0.753764,0.668662,0.502317
0.570328,0.753686,0.668596,0.502267
0.570271,0.753608,0.668529,0.502217
0.570214,0.75353,0.668462,0.502167
0.570157,0.753452,0.668395,0.502116
0.5701,0.753373,0.668328,0.502066
0.570043,0.753295,0.668261,0.502016
0.569986,0.753217,0.668194,0.501966
0.569929,0.753139,0.668128,0.501916
0.569872,0.753061,0.668061,0.501865
0.569815,0.752983,0.667994,0.501815
0.569758,0.752905,0.667927,0.501765
0.569701,0.752826,0.66786,0.501715
0.569644,0.752748,0.667794,0.501665
0.569587,0.75267,0.667727,0.501614
0.56953,0.752592,0.66766,0.501564
0.569473,0.752514,0.667593,0.501514
0.569416,0.752436,0.667527,0.501464
0.56936,0.752358,0.66746,0.501414
0.569303,0.75228,0.667393,0.501364
0.569246,0.752202,0.667326,0.501314
0.569189,0.752124,0.66726,0.501263
0.569132,0.752046,0.667193,0.501213
0.569075,0.751968,0.667126,0.501163
0.569018,0.75189,0.667059,0.501113
0.568961,0.751812,0.666993,0.501063
0.568904,0.751734,0.666926,0.501013
0.568847,0.751656,0.666859,0.500963
0.56879,0.751578,0.666793,0.500913
0.568734,0.7515,0.666726,0.500863
0.568677,0.751422,0.666659,0.500812
0.56862,0.751344,0.666593,0.500762
0.568563,0.751266,0.666526,0.500712
0.568506,0.751188,0.666459,0.500662
0.568449,0.75111,0.666393,0.500612
0.568392,0.751032,0.666326,0.500562
0.568336,0.750954,0.666259,0.500512
0.568279,0.750876,0.666193,0.500462
0.568222,0.750798,0.666126,0.500412
0.568165,0.75072,0.66606,0.500362
0.568108,0.750643,0.665993,0.500312
0.568051,0.750565,0.665926,0.500262
0.567995,0.750487,0.66586,0.500212
0.567938,0.750409,0.665793,0.500162
0.567881,0.750331,0.665727,0.500112
0.567824,0.750253,0.66566,0.500062
0.567767,0.750175,0.665593,0.500012
0.567711,0.750098,0.665527,0.499962
0.567654,0.75002,0.66546,0.499912
0.567597,0.749942,0.665394,0.499862
0.56754,0.749864,0.665327,0.499812
0.567484,0.749786,0.665261,0.499762
0.567427,0.749709,0.665194,0.499712
0.56737,0.749631,0.665128,0.499662
0.567313,0.749553,0.665061,0.499612
0.567257,0.749475,0.664995,0.499562
0.5672,0.749398,0.664928,0.499512
0.567143,0.74932,0.664862,0.499462
0.567087,0.749242,0.664795,0.499412
0.56703,0.749164,0.664729,0.499362
0.566973,0.749087,0.664662,0.499312
0.566916,0.749009,0.664596,0.499262
0.56686,0.748931,0.664529,0.499212
0.566803,0.748853,0.664463,0.499162
0.566746,0.748776,0.664396,0.499113
0.56669,0.748698,0.66433,0.499063
0.566633,0.74862,0.664264,0.499013
0.566576,0.748543,0.664197,0.498963
0.56652,0.748465,0.664131,0.498913
0.566463,0.748387,0.664064,0.498863
0.566406,0.74831,0.663998,0.498813
0.56635,0.748232,0.663931,0.498763
0.566293,0.748154,0.663865,0.498713
0.566237,0.748077,0.663799,0.498664
0.56618,0.747999,0.663732,0.498614
0.566123,0.747922,0.663666,0.498564
0.566067,0.747844,0.6636,0.498514
0.56601,0.747766,0.663533,0.498464
0.565953,0.747689,0.663467,0.498414
0.565897,0.747611,0.663401,0.498364
0.56584,0.747534,0.663334,0.498315
0.565784,0.747456,0.663268,0.498265
0.565727,0.747379,0.663202,0.498215
0.565671,0.747301,0.663135,0.498165
0.565614,0.747224,0.663069,0.498115
0.565557,0.747146,0.663003,0.498065
0.565501,0.747069,0.662936,0.498016
0.565444,0.746991,0.66287,0.497966
0.565388,0.746914,0.662804,0.497916
0.565331,0.746836,0.662737,0.497866
0.565275,0.746759,0.662671,0.497816
0.565218,0.746681,0.662605,0.497767
0.565162,0.746604,0.662539,0.497717
0.565105,0.746526,0.662472,0.497667
0.565049,0.746449,0.662406,0.497617
0.564992,0.746371,0.66234,0.497568
0.564936,0.746294,0.662274,0.497518
0.564879,0.746216,0.662207,0.497468
0.564823,0.746139,0.662141,0.497418
0.564766,0.746062,0.662075,0.497369
0.56471,0.745984,0.662009,0.497319
0.564653,0.745907,0.661943,0.497269
0.564597,0.745829,0.661876,0.497219
0.56454,0.745752,0.66181,0.49717
0.564484,0.745675,0.661744,0.49712
0.564427,0.745597,0.661678,0.49707
0.564371,0.74552,0.661612,0.497021
0.564314,0.745443,0.661546,0.496971
0.564258,0.745365,0.661479,0.496921
0.564202,0.745288,0.661413,0.496871
0.564145,0.745211,0.661347,0.496822
0.564089,0.745133,0.661281,0.496772
0.564032,0.745056,0.661215,0.496722
0.563976,0.744979,0.661149,0.496673
0.56392,0.744901,0.661083,0.496623
0.563863,0.744824,0.661016,0.496573
0.563807,0.744747,0.66095,0.496524
0.56375,0.74467,0.660884,0.496474
0.563694,0.744592,0.660818,0.496424
0.563638,0.744515,0.660752,0.496375
0.563581,0.744438,0.660686,0.496325
0.563525,0.744361,0.66062,0.496276
0.563469,0.744283,0.660554,0.496226
0.563412,0.744206,0.660488,0.496176
0.563356,0.744129,0.660422,0.496127
0.5633,0.744052,0.660356,0.496077
0.563243,0.743974,0.66029,0.496027
0.563187,0.743897,0.660224,0.495978
0.563131,0.74382,0.660158,0.495928
0.563074,0.743743,0.660092,0.495879
0.563018,0.743666,0.660026,0.495829
0.562962,0.743589,0.65996,0.495779
0.562905,0.743511,0.659894,0.49573
0.562849,0.743434,0.659828,0.49568
0.562793,0.743357,0.659762,0.495631
0.562737,0.74328,0.659696,0.495581
0.56268,0.743203,0.65963,0.495532
0.562624,0.743126,0.659564,0.495482
0.562568,0.743049,0.659498,0.495433
0.562511,0.742972,0.659432,0.495383
0.562455,0.742895,0.659366,0.495333
0.562399,0.742818,0.6593,0.495284
0.562343,0.74274,0.659234,0.495234
0.562286,0.742663,0.659168,0.495185
0.56223,0.742586,0.659102,0.495135
0.562174,0.742509,0.659036,0.495086
0.562118,0.742432,0.65897,0.495036
0.562062,0.742355,0.658904,0.494987
0.562005,0.742278,0.658839,0.494937
0.561949,0.742201,0.658773,0.494888
0.561893,0.742124,0.658707,0.494838
0.561837,0.742047,0.658641,0.494789
0.561781,0.74197,0.658575,0.494739
0.561724,0.741893,0.658509,0.49469
0.561668,0.741816,0.658443,0.49464
0.561612,0.741739,0.658378,0.494591
0.561556,0.741662,0.658312,0.494542
0.5615,0.741585,0.658246,0.494492
0.561444,0.741508,0.65818,0.494443
0.561388,0.741432,0.658114,0.494393
0.561331,0.741355,0.658048,0.494344
0.561275,0.741278,0.657983,0.494294
0.561219,0.741201,0.657917,0.494245
0.561163,0.741124,0.657851,0.494195
0.561107,0.741047,0.657785,0.494146
0.561051,0.74097,0.657719,0.494097
0.560995,0.740893,0.657654,0.494047
0.560939,0.740816,0.657588,0.493998
0.560882,0.74074,0.657522,0.493948
0.560826,0.740663,0.657456,0.493899
0.56077,0.740586,0.657391,0.49385
0.560714,0.740509,0.657325,0.4938
0.560658,0.740432,0.657259,0.493751
0.560602,0.740355,0.657193,0.493701
0.560546,0.740279,0.657128,0.493652
0.56049,0.740202,0.657062,0.493603
0.560434,0.740125,0.656996,0.493553
0.560378,0.740048,0.656931,0.493504
0.560322,0.739971,0.656865,0.493455
0.560266,0.739895,0.656799,0.493405
0.56021,0.739818,0.656734,0.493356
0.560154,0.739741,0.656668,0.493307
0.560098,0.739664,0.656602,0.493257
0.560042,0.739588,0.656537,0.493208
0.559986,0.739511,0.656471,0.493159
0.55993,0.739434,0.656405,0.493109
0.559874,0.739357,0.65634,0.49306
0.559818,0.739281,0.656274,0.493011
0.559762,0.739204,0.656208,0.492961
0.559706,0.739127,0.656143,0.492912
0.55965,0.739051,0.656077,0.492863
0.559594,0.738974,0.656012,0.492814
0.559538,0.738897,0.655946,0.492764
0.559482,0.738821,0.65588,0.492715
0.559426,0.738744,0.655815,0.492666
0.55937,0.738667,0.655749,0.492616
0.559314,0.738591,0.655684,0.492567
0.559258,0.738514,0.655618,0.492518
0.559202,0.738437,0.655552,0.492469
0.559146,0.738361,0.655487,0.492419
0.55909,0.738284,0.655421,0.49237
0.559035,0.738208,0.655356,0.492321
0.558979,0.738131,0.65529,0.492272
0.558923,0.738054,0.655225,0.492223
0.558867,0.737978,0.655159,0.492173
0.558811,0.737901,0.655094,0.492124
0.558755,0.737825,0.655028,0.492075
0.558699,0.737748,0.654963,0.492026
0.558643,0.737672,0.654897,0.491976
0.558587,0.737595,0.654832,0.491927
0.558532,0.737519,0.654766,0.491878
0.558476,0.737442,0.654701,0.491829
0.55842,0.737366,0.654635,0.49178
0.558364,0.737289,0.65457,0.491731
0.558308,0.737213,0.654504,0.491681
0.558252,0.737136,0.654439,0.491632
0.558197,0.73706,0.654373,0.491583
0.558141,0.736983,0.654308,0.491534
0.558085,0.736907,0.654243,0.491485
0.558029,0.73683,0.654177,0.491436
0.557973,0.736754,0.654112,0.491386
0.557918,0.736677,0.654046,0.491337
0.557862,0.736601,0.653981,0.491288
0.557806,0.736525,0.653916,0.491239
0.55775,0.736448,0.65385,0.49119
0.557694,0.736372,0.653785,0.491141
0.557639,0.736295,0.653719,0.491092
0.557583,0.736219,0.653654,0.491043
0.557527,0.736143,0.653589,0.490993
0.557471,0.736066,0.653523,0.490944
0.557416,0.73599,0.653458,0.490895
0.55736,0.735913,0.653393,0.490846
0.557304,0.735837,0.653327,0.490797
0.557248,0.735761,0.653262,0.490748
0.557193,0.735684,0.653197,0.490699
0.557137,0.735608,0.653131,0.49065
0.557081,0.735532,0.653066,0.490601
0.557026,0.735455,0.653001,0.490552
0.55697,0.735379,0.652935,0.490503
0.556914,0.735303,0.65287,0.490454
0.556858,0.735227,0.652805,0.490405
0.556803,0.73515,0.652739,0.490356
0.556747,0.735074,0.652674,0.490307
0.556691,0.734998,0.652609,0.490257
0.556636,0.734922,0.652544,0.490208
0.55658,0.734845,0.652478,0.490159
0.556524,0.734769,0.652413,0.49011
0.556469,0.734693,0.652348,0.490061
0.556413,0.734617,0.652283,0.490012
0.556357,0.73454,0.652217,0.489963
0.556302,0.734464,0.652152,0.489914
0.556246,0.734388,0.652087,0.489865
0.556191,0.734312,0.652022,0.489816
0.556135,0.734236,0.651957,0.489767
0.556079,0.734159,0.651891,0.489718
0.556024,0.734083,0.651826,0.489669
0.555968,0.734007,0.651761,0.489621
0.555913,0.733931,0.651696,0.489572
0.555857,0.733855,0.651631,0.489523
0.555801,0.733779,0.651566,0.489474
0.555746,0.733703,0.6515,0.489425
0.55569,0.733626,0.651435,0.489376
0.555635,0.73355,0.65137,0.489327
0.555579,0.733474,0.651305,0.489278
0.555523,0.733398,0.65124,0.489229
0.555468,0.733322,0.651175,0.48918
0.555412,0.733246,0.65111,0.489131
0.555357,0.73317,0.651044,0.489082
0.555301,0.733094,0.650979,0.489033
0.555246,0.733018,0.650914,0.488984
0.55519,0.732942,0.650849,0.488935
0.555135,0.732866,0.650784,0.488887
0.555079,0.73279,0.650719,0.488838
0.555024,0.732714,0.650654,0.488789
0.554968,0.732638,0.650589,0.48874
0.554913,0.732562,0.650524,0.488691
0.554857,0.732486,0.650459,0.488642
0.554802,0.73241,0.650394,0.488593
0.554746,0.732334,0.650329,0.488544
0.554691,0.732258,0.650264,0.488496
0.554635,0.732182,0.650199,0.488447
0.55458,0.732106,0.650134,0.488398
0.554524,0.73203,0.650069,0.488349
0.554469,0.731954,0.650004,0.4883
0.554413,0.731878,0.649939,0.488251
0.554358,0.731802,0.649874,0.488203
0.554303,0.731726,0.649809,0.488154
0.554247,0.73165,0.649744,0.488105
0.554192,0.731574,0.649679,0.488056
0.554136,0.731498,0.649614,0.488007
0.554081,0.731422,0.649549,0.487959
0.554026,0.731346,0.649484,0.48791
0.55397,0.731271,0.649419,0.487861
0.553915,0.731195,0.649354,0.487812
0.553859,0.731119,0.649289,0.487763
0.553804,0.731043,0.649224,0.487715
0.553749,0.730967,0.649159,0.487666
0.553693,0.730891,0.649094,0.487617
0.553638,0.730815,0.649029,0.487568
0.553582,0.73074,0.648964,0.48752
0.553527,0.730664,0.648899,0.487471
0.553472,0.730588,0.648835,0.487422
0.553416,0.730512,0.64877,0.487373
0.553361,0.730436,0.648705,0.487325
0.553306,0.730361,0.64864,0.487276
0.55325,0.730285,0.648575,0.487227
0.553195,0.730209,0.64851,0.487178
0.55314,0.730133,0.648445,0.48713
0.553084,0.730058,0.648381,0.487081
0.553029,0.729982,0.648316,0.487032
0.552974,0.729906,0.648251,0.486984
0.552919,0.72983,0.648186,0.486935
0.552863,0.729755,0.648121,0.486886
0.552808,0.729679,0.648056,0.486837
0.552753,0.729603,0.647992,0.486789
0.552697,0.729528,0.647927,0.48674
0.552642,0.729452,0.647862,0.486691
0.552587,0.729376,0.647797,0.486643
0.552532,0.729301,0.647732,0.486594
0.552476,0.729225,0.647668,0.486545
0.552421,0.729149,0.647603,0.486497
0.552366,0.729074,0.647538,0.486448
0.552311,0.728998,0.647473,0.4864
0.552255,0.728922,0.647409,0.486351
0.5522,0.728847,0.647344,0.486302
0.552145,0.728771,0.647279,0.486254
0.55209,0.728695,0.647214,0.486205
0.552035,0.72862,0.64715,0.486156
0.551979,0.728544,0.647085,0.486108
0.551924,0.728469,0.64702,0.486059
0.551869,0.728393,0.646956,0.486011
0.551814,0.728318,0.646891,0.485962
0.551483,0.728242,0.646826,0.485913
0.551152,0.728166,0.646762,0.485865
0.550821,0.728091,0.646697,0.485816
0.550491,0.728015,0.646632,0.485768
0.55016,0.72794,0.646568,0.485719
0.54983,0.727864,0.646503,0.48567
0.5495,0.727789,0.646438,0.485622
0.549171,0.727713,0.646374,0.485573
0.548841,0.727638,0.646309,0.485525
0.548512,0.727562,0.646244,0.485476
0.548183,0.727487,0.64618,0.485428
0.547854,0.727411,0.646115,0.485379
0.547525,0.727336,0.64605,0.485331
0.547197,0.72726,0.645986,0.485282
0.546869,0.727185,0.645921,0.485233
0.546541,0.727109,0.645857,0.485185
0.546213,0.727034,0.645792,0.485136
0.545885,0.726959,0.645727,0.485088
0.545557,0.726883,0.645663,0.485039
0.54523,0.726808,0.645598,0.484991
0.544903,0.726732,0.645534,0.484942
0.544576,0.726657,0.645469,0.484894
0.544249,0.726582,0.645405,0.484845
0.543923,0.726506,0.64534,0.484797
0.543597,0.726431,0.645276,0.484748
0.54327,0.726355,0.645211,0.4847
0.542944,0.72628,0.645147,0.484652
0.542619,0.726205,0.645082,0.484603
0.542293,0.726129,0.645018,0.484555
0.541968,0.726054,0.644953,0.484506
0.541643,0.725979,0.644889,0.484458
0.541318,0.725903,0.644824,0.484409
0.540993,0.725828,0.64476,0.484361
0.540668,0.725753,0.644695,0.484312
0.540344,0.725677,0.644631,0.484264
0.54002,0.725602,0.644566,0.484216
0.539696,0.725527,0.644502,0.484167
0.539372,0.725452,0.644437,0.484119
0.539048,0.725376,0.644373,0.48407
0.538725,0.725301,0.644308,0.484022
0.538402,0.725226,0.644244,0.483973
0.538079,0.725151,0.64418,0.483925
0.537756,0.725075,0.644115,0.483877
0.537433,0.725,0.644051,0.483828
0.537111,0.724925,0.643986,0.48378
0.536789,0.72485,0.643922,0.483732
0.536467,0.724775,0.643857,0.483683
0.536145,0.724699,0.643793,0.483635
0.535823,0.724624,0.643729,0.483586
0.535502,0.724549,0.643664,0.483538
0.53518,0.724474,0.6436,0.48349
0.535127,0.724399,0.643536,0.483441
0.535073,0.724324,0.643471,0.483393
0.53502,0.724248,0.643407,0.483345
0.534966,0.724173,0.643343,0.483296
0.534913,0.724098,0.643278,0.483248
0.534859,0.724023,0.643214,0.4832
0.534806,0.723948,0.64315,0.483151
0.534752,0.723873,0.643085,0.483103
0.534699,0.723798,0.643021,0.483055
0.534645,0.723723,0.642957,0.483006
0.534592,0.723647,0.642892,0.482958
0.534539,0.723572,0.642828,0.48291
0.534485,0.723497,0.642764,0.482862
0.534432,0.723422,0.6427,0.482813
0.534378,0.723347,0.642635,0.482765
0.534325,0.723272,0.642571,0.482717
0.534271,0.723197,0.642507,0.482668
0.534218,0.723122,0.642442,0.48262
0.534164,0.723047,0.642378,0.482572
0.534111,0.722972,0.642314,0.482524
0.534058,0.722897,0.64225,0.482475
0.534004,0.722822,0.642186,0.482427
0.533951,0.722747,0.642121,0.482379
0.533897,0.722672,0.642057,0.482331
0.533844,0.722597,0.641993,0.482282
0.533791,0.722522,0.641929,0.482234
0.533737,0.722447,0.641865,0.482186
0.533684,0.722372,0.6418,0.482138
0.533631,0.722297,0.641736,0.48209
0.533577,0.722222,0.641672,0.482041
0.533524,0.722147,0.641608,0.481993
0.53347,0.722072,0.641544,0.481945
0.533417,0.721998,0.64148,0.481897
0.533364,0.721923,0.641415,0.481849
0.53331,0.721848,0.641351,0.4818
0.533257,0.721773,0.641287,0.481752
0.533204,0.721698,0.641223,0.481704
0.53315,0.721623,0.641159,0.481656
0.533097,0.721548,0.641095,0.481608
0.533044,0.721473,0.641031,0.48156
0.532991,0.721399,0.640967,0.481511
0.532937,0.721324,0.640902,0.481463
0.532884,0.721249,0.640838,0.481415
0.532831,0.721174,0.640774,0.481367
0.532777,0.721099,0.64071,0.481319
0.532724,0.721024,0.640646,0.481271
0.532671,0.72095,0.640582,0.481223
0.532618,0.720875,0.640518,0.481174
0.532564,0.7208,0.640454,0.481126
0.532511,0.720725,0.64039,0.481078
0.532458,0.72065,0.640326,0.48103
0.532405,0.720576,0.640262,0.480982
0.532351,0.720501,0.640198,0.480934
0.532298,0.720426,0.640134,0.480886
0.532245,0.720351,0.64007,0.480838
0.532192,0.720277,0.640006,0.48079
0.532138,0.720202,0.639942,0.480742
0.531926,0.720847,0.639622,0.480693
0.531713,0.721493,0.639302,0.480645
0.5315,0.72214,0.638982,0.480597
0.531288,0.722787,0.638663,0.480549
0.531075,0.723435,0.638344,0.480501
0.530863,0.724083,0.638024,0.480453
0.53065,0.724732,0.637705,0.480405
0.530438,0.725381,0.637387,0.480357
0.530226,0.726031,0.637068,0.480309
0.530014,0.726682,0.636749,0.480261
0.529802,0.727333,0.636431,0.480213
0.52959,0.727985,0.636113,0.480165
0.529378,0.728637,0.635795,0.480117
0.529166,0.72929,0.635477,0.480069
0.528955,0.729944,0.635159,0.480021
0.528743,0.730598,0.634842,0.479973
0.528532,0.731253,0.634524,0.479925
0.52832,0.731908,0.634207,0.479877
0.528109,0.732564,0.63389,0.479829
0.527898,0.733221,0.633573,0.479781
0.527687,0.733878,0.633256,0.479733
0.527476,0.734535,0.63294,0.479685
0.527265,0.735194,0.632623,0.479637
0.527054,0.735852,0.632307,0.479589
0.526843,0.736512,0.631991,0.479541
0.526632,0.737172,0.631675,0.479493
0.526422,0.737832,0.631359,0.479445
0.526211,0.738494,0.631043,0.479397
0.526001,0.739155,0.630728,0.479349
0.52579,0.739818,0.630413,0.479301
0.52558,0.740481,0.630097,0.479253
0.52537,0.741144,0.629782,0.479206
0.525159,0.741809,0.629468,0.479158
0.524949,0.742473,0.629153,0.47911
0.524739,0.743139,0.628838,0.479062
0.52453,0.743805,0.628524,0.479014
0.52432,0.744471,0.62821,0.478966
0.52411,0.745138,0.627896,0.478918
0.5239,0.745806,0.627582,0.47887
0.523691,0.746475,0.627268,0.478822
0.523481,0.747143,0.626954,0.478774
0.523272,0.747813,0.626641,0.478727
0.523063,0.748483,0.626328,0.478679
0.522854,0.749154,0.626014,0.478631
0.522644,0.749825,0.625701,0.478583
0.522435,0.750497,0.625389,0.478535
0.522226,0.75117,0.625076,0.478487
0.522018,0.751843,0.624763,0.478439
0.521809,0.752517,0.624451,0.478392
0.5216,0.753191,0.624139,0.478344
0.521391,0.753866,0.623827,0.478296
0.521183,0.754542,0.623515,0.478248
0.520974,0.755218,0.623203,0.4782
0.520766,0.755895,0.622892,0.478152
0.520558,0.756572,0.62258,0.478105
0.52035,0.75725,0.622269,0.478057
0.520141,0.757929,0.621958,0.478009
0.519933,0.758608,0.621647,0.477961
0.519725,0.759288,0.621336,0.477913
0.519518,0.759968,0.621025,0.477866
0.51931,0.760649,0.620715,0.477818
0.519102,0.761331,0.620405,0.47777
0.518894,0.762013,0.620094,0.477722
0.518687,0.762696,0.619784,0.477674
0.518479,0.763379,0.619475,0.477627
0.518272,0.764063,0.619165,0.477579
0.518065,0.764748,0.618855,0.477531
0.517858,0.765434,0.618546,0.477483
0.51765,0.766119,0.618237,0.477436
0.517443,0.766806,0.617928,0.477388
0.517236,0.767493,0.617619,0.47734
0.51703,0.768181,0.61731,0.477292
0.516823,0.768869,0.617001,0.477245
0.516616,0.769558,0.616693,0.477197
0.516409,0.770248,0.616384,0.477149
0.516203,0.770938,0.616076,0.477102
0.515996,0.771629,0.615768,0.477054
0.51579,0.772321,0.61546,0.477006
0.515584,0.773013,0.615153,0.476958
0.515377,0.773705,0.614845,0.476911
0.515171,0.774399,0.614538,0.476863
0.514965,0.775093,0.61423,0.476815
0.514759,0.775787,0.613923,0.476768
0.514553,0.776483,0.613616,0.47672
0.514348,0.777178,0.61331,0.476672
0.514142,0.777875,0.613003,0.476625
0.513936,0.778572,0.612697,0.476577
0.513731,0.77927,0.61239,0.476529
0.513525,0.779968,0.612084,0.476482
0.51332,0.780667,0.611778,0.476434
0.513115,0.781367,0.611472,0.476386
0.512909,0.782067,0.611166,0.476339
0.512704,0.782768,0.610861,0.476291
0.512499,0.783469,0.610555,0.476243
0.512294,0.784171,0.61025,0.476196
0.512089,0.784874,0.609945,0.476148
0.511884,0.785577,0.60964,0.476101
0.51168,0.786281,0.609335,0.476053
0.511475,0.786986,0.609031,0.476005
0.51127,0.787691,0.608726,0.475958
0.511066,0.788397,0.608422,0.47591
0.510862,0.789104,0.608118,0.475863
0.510657,0.789811,0.607814,0.475815
0.510453,0.790519,0.60751,0.475767
0.510249,0.791227,0.607206,0.47572
0.510045,0.791936,0.606902,0.475672
0.509841,0.792646,0.606599,0.475625
0.509637,0.793356,0.606296,0.475577
0.509433,0.794067,0.605993,0.47553
0.509229,0.794779,0.60569,0.475482
0.509025,0.795491,0.605387,0.475435
0.508822,0.796204,0.605084,0.475387
0.508618,0.796917,0.604782,0.475339
0.508415,0.797631,0.604479,0.475292
0.508212,0.798346,0.604177,0.475244
0.508008,0.799062,0.603875,0.475197
0.507805,0.799778,0.603573,0.475149
0.507602,0.800494,0.603271,0.475102
0.507399,0.801212,0.60297,0.475054
0.507196,0.80193,0.602668,0.475007
0.506993,0.802649,0.602367,0.474959
0.50679,0.803368,0.602066,0.474912
0.506588,0.804088,0.601765,0.474864
0.506385,0.804808,0.601464,0.474817
0.506183,0.80553,0.601163,0.474769
0.50598,0.806251,0.600863,0.474722
0.505778,0.806974,0.600562,0.474674
0.505575,0.807697,0.600262,0.474627
0.505373,0.808421,0.599962,0.474579
0.505171,0.809145,0.599662,0.474532
0.504969,0.80987,0.599362,0.474485
0.504767,0.810596,0.599062,0.474437
0.504565,0.811323,0.598763,0.47439
0.504363,0.81205,0.598464,0.474342
0.504162,0.812777,0.598164,0.474295
0.50396,0.813506,0.597865,0.474247
0.503758,0.814235,0.597566,0.4742
0.503557,0.814965,0.597268,0.474153
0.503356,0.815695,0.596969,0.474105
0.503154,0.816426,0.596671,0.474058
0.502953,0.817157,0.596372,0.47401
0.502752,0.81789,0.596074,0.473963
0.502551,0.818623,0.595776,0.473915
0.50235,0.819356,0.595478,0.473868
0.502149,0.820091,0.595181,0.473821
0.501948,0.820826,0.594883,0.473773
0.501747,0.821561,0.594586,0.473726
0.501546,0.822297,0.594288,0.473679
0.501346,0.823034,0.593991,0.473631
0.501145,0.823772,0.593694,0.473584
0.500945,0.82451,0.593397,0.473536
0.500745,0.825249,0.593101,0.473489
0.500544,0.825988,0.592804,0.473442
0.500344,0.826729,0.592508,0.473394
0.500144,0.82747,0.592212,0.473347
0.499944,0.828211,0.591915,0.4733
0.499744,0.828953,0.59162,0.473252
0.499544,0.829696,0.591324,0.473205
0.499344,0.83044,0.591028,0.473158
0.499145,0.831184,0.590733,0.47311
0.498945,0.831929,0.590437,0.473063
0.498745,0.832674,0.590142,0.473016
0.498546,0.83342,0.589847,0.472969
0.498346,0.834167,0.589552,0.472921
0.498147,0.834915,0.589257,0.472874
0.497948,0.835663,0.588963,0.472827
0.497749,0.836412,0.588668,0.472779
0.49755,0.837161,0.588374,0.472732
0.497351,0.837912,0.58808,0.472685
0.497152,0.838663,0.587786,0.472638
0.496953,0.839414,0.587492,0.47259
0.496754,0.840166,0.587198,0.472543
0.496555,0.840919,0.586905,0.472496
0.496357,0.841673,0.586611,0.472449
0.496158,0.842427,0.586318,0.472401
0.49596,0.843182,0.586025,0.472354
0.495761,0.843938,0.585732,0.472307
0.495563,0.844694,0.585439,0.47226
0.495365,0.845451,0.585146,0.472212
0.495167,0.846209,0.584854,0.472165
0.494969,0.846967,0.584561,0.472118
0.494771,0.847726,0.584269,0.472071
0.494573,0.848486,0.583977,0.472024
0.494375,0.849246,0.583685,0.471976
0.494177,0.850007,0.583393,0.471929
0.49398,0.850769,0.583102,0.471882
0.493782,0.851531,0.58281,0.471835
0.493585,0.852294,0.582519,0.471788
0.493387,0.853058,0.582227,0.47174
0.49319,0.853823,0.581936,0.471693
0.492993,0.854588,0.581645,0.471646
0.492795,0.855354,0.581355,0.471599
0.492598,0.85612,0.581064,0.471552
0.492401,0.856887,0.580773,0.471505
0.492204,0.857655,0.580483,0.471457
0.492007,0.858424,0.580193,0.47141
0.491811,0.859193,0.579903,0.471363
0.491614,0.859963,0.579613,0.471316
0.491417,0.860734,0.579323,0.471269
0.491221,0.861505,0.579033,0.471222
0.491024,0.862277,0.578744,0.471175
0.490828,0.86305,0.578455,0.471127
0.490632,0.863823,0.578165,0.47108
0.490435,0.864597,0.577876,0.471033
0.490239,0.865372,0.577587,0.470986
0.490043,0.866148,0.577299,0.470939
0.489847,0.866924,0.57701,0.470892
0.489651,0.867701,0.576721,0.470845
0.489455,0.868478,0.576433,0.470798
0.48926,0.869257,0.576145,0.470751
0.489064,0.870036,0.575857,0.470704
0.488868,0.870815,0.575569,0.470657
0.488673,0.871596,0.575281,0.47061
0.488477,0.872377,0.574994,0.470562
0.488282,0.873158,0.574706,0.470515
0.488087,0.873941,0.574419,0.470468
0.487891,0.874724,0.574132,0.470421
0.487696,0.875508,0.573845,0.470374
0.487501,0.876293,0.573558,0.470327
0.487306,0.877078,0.573271,0.47028
0.487111,0.877864,0.572984,0.470233
0.486916,0.878651,0.572698,0.470186
0.486722,0.879438,0.572412,0.470139
0.486527,0.880226,0.572125,0.470092
0.486332,0.881015,0.571839,0.470045
0.486138,0.881804,0.571553,0.469998
0.485943,0.882595,0.571268,0.469951
0.485749,0.883386,0.570982,0.469904
0.485555,0.884177,0.570697,0.469857
0.485361,0.88497,0.570411,0.46981
0.485166,0.885763,0.570126,0.469763
0.484972,0.886556,0.569841,0.469716
0.484778,0.887351,0.569556,0.469669
0.484585,0.888146,0.569271,0.469622
0.484391,0.888942,0.568987,0.469575
0.484197,0.889739,0.568702,0.469528
0.484003,0.890536,0.568418,0.469481
0.48381,0.891334,0.568134,0.469434
0.483616,0.892133,0.56785,0.469387
0.483423,0.892932,0.567566,0.469341
0.483229,0.893732,0.567282,0.469294
0.483036,0.894533,0.566998,0.469247
0.482843,0.895335,0.566715,0.4692
0.48265,0.896137,0.566432,0.469153
0.482457,0.89694,0.566148,0.469106
0.482264,0.897744,0.565865,0.469059
0.482071,0.898549,0.565582,0.469012
0.481878,0.899354,0.5653,0.468965
0.481685,0.90016,0.565017,0.468918
0.481493,0.900967,0.564735,0.468871
0.4813,0.901774,0.564452,0.468824
0.481108,0.902582,0.56417,0.468778
0.480915,0.903391,0.563888,0.468731
0.480723,0.9042,0.563606,0.468684
0.480531,0.905011,0.563324,0.468637
0.480338,0.905822,0.563043,0.46859
0.480146,0.906634,0.562761,0.468543
0.479954,0.907446,0.56248,0.468496
0.479762,0.908259,0.562199,0.46845
0.47957,0.909073,0.561917,0.468403
0.479379,0.909888,0.561637,0.468356
0.479187,0.910703,0.561356,0.468309
0.478995,0.911519,0.561075,0.468262
0.478804,0.912336,0.560795,0.468215
0.478612,0.913154,0.560514,0.468169
0.478421,0.913972,0.560234,0.468122
0.478229,0.914791,0.559954,0.468075
0.478038,0.915611,0.559674,0.468028
0.477847,0.916431,0.559394,0.467981
0.477656,0.917253,0.559114,0.467935
0.477465,0.918075,0.558835,0.467888
0.477274,0.918897,0.558556,0.467841
0.477083,0.919721,0.558276,0.467794
0.476892,0.920545,0.557997,0.467747
0.476701,0.92137,0.557718,0.467701
0.476511,0.922196,0.557439,0.467654
0.47632,0.923022,0.557161,0.467607
0.476129,0.923849,0.556882,0.46756
0.475939,0.924677,0.556604,0.467514
0.475749,0.925506,0.556325,0.467467
0.475558,0.926335,0.556047,0.46742
0.475368,0.927165,0.555769,0.467373
0.475178,0.927996,0.555491,0.467327
0.474988,0.928828,0.555214,0.46728
0.474798,0.92966,0.554936,0.467233
0.474608,0.930493,0.554659,0.467186
0.474418,0.931327,0.554381,0.46714
0.474228,0.932162,0.554104,0.467093
0.474039,0.932997,0.553827,0.467046
0.473849,0.933833,0.55355,0.467
0.47366,0.93467,0.553273,0.466953
0.47347,0.935508,0.552997,0.466906
0.473281,0.936346,0.55272,0.466859
0.473092,0.937185,0.552444,0.466813
0.472902,0.938025,0.552168,0.466766
0.472713,0.938866,0.551892,0.466719
0.472524,0.939707,0.551616,0.466673
0.472335,0.940549,0.55134,0.466626
0.472146,0.941392,0.551064,0.466579
0.471957,0.942236,0.550789,0.466533
0.471769,0.94308,0.550514,0.466486
0.47158,0.943925,0.550238,0.466439
0.471391,0.944771,0.549963,0.466393
0.471203,0.945618,0.549688,0.466346
0.471014,0.946465,0.549413,0.4663
0.470826,0.947313,0.549139,0.466253
0.470638,0.948162,0.548864,0.466206
0.470449,0.949012,0.54859,0.46616
0.470261,0.949862,0.548315,0.466113
0.470073,0.950714,0.548041,0.466066
0.469885,0.951566,0.547767,0.46602
0.469697,0.952418,0.547494,0.465973
0.469509,0.953272,0.54722,0.465927
0.469321,0.954126,0.546946,0.46588
0.469134,0.954981,0.546673,0.465833
0.468946,0.955837,0.546399,0.465787
0.468759,0.956694,0.546126,0.46574
0.468571,0.957551,0.545853,0.465694
0.468384,0.958409,0.54558,0.465647
0.468196,0.959268,0.545308,0.465601
0.468009,0.960127,0.545035,0.465554
0.467822,0.960988,0.544762,0.465507
0.467635,0.961849,0.54449,0.465461
0.467448,0.962711,0.544218,0.465414
0.467261,0.963574,0.543946,0.465368
0.467074,0.964437,0.543674,0.465321
0.466887,0.965302,0.543402,0.465275
0.4667,0.966167,0.54313,0.465228
0.466514,0.967032,0.542859,0.465182
0.466327,0.967899,0.542587,0.465135
0.46614,0.968766,0.542316,0.465089
0.465954,0.969635,0.542045,0.465042
0.465768,0.970504,0.541774,0.464996
0.465581,0.971373,0.541503,0.464949
0.465395,0.972244,0.541232,0.464903
0.465209,0.973115,0.540962,0.464856
0.465023,0.973987,0.540691,0.46481
0.464837,0.97486,0.540421,0.464763
0.464651,0.975734,0.540151,0.464717
0.464465,0.976608,0.539881,0.46467
0.464279,0.977483,0.539611,0.464624
0.464094,0.978359,0.539341,0.464577
0.463908,0.979236,0.539071,0.464531
0.463723,0.980113,0.538802,0.464484
0.463537,0.980992,0.538532,0.464438
0.463352,0.981871,0.538263,0.464392
0.463166,0.982751,0.537994,0.464345
0.462981,0.983631,0.537725,0.464299
0.462796,0.984513,0.537456,0.464252
0.462611,0.985395,0.537188,0.464206
0.462426,0.986278,0.536919,0.464159
0.462241,0.987162,0.536651,0.464113
0.462056,0.988047,0.536382,0.464067
0.461871,0.988932,0.536114,0.46402
0.461686,0.989818,0.535846,0.463974
0.461502,0.990705,0.535578,0.463927
0.461317,0.991593,0.53531,0.463881
0.461133,0.992482,0.535043,0.463835
0.460948,0.993371,0.534775,0.463788
0.460764,0.994261,0.534508,0.463742
0.46058,0.995152,0.534241,0.463695
0.460395,0.996044,0.533974,0.463649
0.460211,0.996937,0.533707,0.463603
0.460027,0.99783,0.53344,0.463556
0.459843,0.998724,0.533173,0.46351
0.459659,0.999619,0.532907,0.463464
0.459475,1,0.53264,0.463417
0.459292,1,0.532374,0.463371
0.459108,1,0.532108,0.463325
0.458924,1,0.531842,0.463278
0.458741,1,0.531576,0.463232
0.458557,1,0.53131,0.463186
0.458374,1,0.531044,0.463139
0.45819,1,0.530779,0.463093
0.458007,1,0.530513,0.463047
0.457824,1,0.530248,0.463
0.457641,1,0.529983,0.462954
0.457458,1,0.529718,0.462908
0.457275,1,0.529453,0.462861
0.457092,1,0.529189,0.462815
0.456909,1,0.528924,0.462769
0.456726,1,0.52866,0.462723
0.456544,1,0.528395,0.462676
0.456361,1,0.528131,0.46263
0.456179,1,0.527867,0.462584
0.455996,1,0.527603,0.462538
0.455814,1,0.527339,0.462491
0.455631,1,0.527076,0.462445
0.455449,1,0.526812,0.462399
0.455267,1,0.526549,0.462353
0.455085,1,0.526286,0.462306
0.454903,1,0.526022,0.46226
0.454721,1,0.525759,0.462214
0.454539,1,0.525497,0.462168
0.454357,1,0.525234,0.462121
0.454176,1,0.524971,0.462075
0.453994,1,0.524709,0.462029
0.453812,1,0.524446,0.461983
0.453631,1,0.524184,0.461937
0.453449,1,0.523922,0.46189
0.453268,1,0.52366,0.461844
0.453087,1,0.523398,0.461798
0.452905,1,0.523137,0.461752
0.452724,1,0.522875,0.461706
0.452543,1,0.522614,0.46166
0.452362,1,0.522352,0.461613
0.452181,1,0.522091,0.461567
0.452,1,0.52183,0.461521
0.45182,1,0.521569,0.461475
0.451639,1,0.521309,0.461429
0.451458,1,0.521048,0.461383
0.451278,1,0.520788,0.461336
0.451097,1,0.520527,0.46129
0.450917,1,0.520267,0.461244
0.450736,1,0.520007,0.461198
0.450556,1,0.519747,0.461152
0.450376,1,0.519487,0.461106
0.450196,1,0.519227,0.46106
0.450016,1,0.518968,0.461014
0.449836,1,0.518708,0.460968
0.449656,1,0.518449,0.460921
0.449476,1,0.51819,0.460875
0.449296,1,0.517931,0.460829
0.449117,1,0.517672,0.460783
0.448937,1,0.517413,0.460737
0.448757,1,0.517154,0.460691
0.448578,1,0.516896,0.460645
0.448398,1,0.516637,0.460599
0.448219,1,0.516379,0.460553
0.44804,1,0.516121,0.460507
0.447861,1,0.515863,0.460461
0.447681,1,0.515605,0.460415
0.447502,1,0.515347,0.460369
0.447323,1,0.515089,0.460323
0.447145,1,0.514832,0.460277
0.446966,1,0.514574,0.460231
0.446787,1,0.514317,0.460185
0.446608,1,0.51406,0.460139
0.44643,1,0.513803,0.460092
0.446251,1,0.513546,0.460046
0.446073,1,0.513289,0.46
0.445894,1,0.513033,0.459954
0.445716,1,0.512776,0.459908
0.445538,1,0.51252,0.459862
0.445359,1,0.512264,0.459817
0.445181,1,0.512007,0.459771
0.445003,1,0.511751,0.459725
0.444825,1,0.511496,0.459679
0.444647,1,0.51124,0.459633
0.444469,1,0.510984,0.459587
0.444292,1,0.510729,0.459541
0.444114,1,0.510473,0.459495
0.443936,1,0.510218,0.459449
0.443759,1,0.509963,0.459403
0.443581,1,0.509708,0.459357
0.443404,1,0.509453,0.459311
0.443226,1,0.509199,0.459265
0.443049,1,0.508944,0.459219
0.442872,1,0.50869,0.459173
0.442695,1,0.508435,0.459127
0.442518,1,0.508181,0.459081
0.442341,1,0.507927,0.459035
0.442164,1,0.507673,0.45899
0.441987,1,0.507419,0.458944
0.44181,1,0.507166,0.458898
0.441633,1,0.506912,0.458852
0.441457,1,0.506659,0.458806
0.44128,1,0.506405,0.45876
0.441104,1,0.506152,0.458714
0.440927,1,0.505899,0.458668
0.440751,1,0.505646,0.458622
0.440575,1,0.505393,0.458577
0.440398,1,0.505141,0.458531
0.440222,1,0.504888,0.458485
0.440046,1,0.504636,0.458439
0.43987,1,0.504383,0.458393
0.439694,1,0.504131,0.458347
0.439518,1,0.503879,0.458302
0.439343,1,0.503627,0.458256
0.439167,1,0.503375,0.45821
0.438991,1,0.503124,0.458164
0.438816,1,0.502872,0.458118
0.43864,1,0.502621,0.458072
0.438465,1,0.50237,0.458027
0.438289,1,0.502118,0.457981
0.438114,1,0.501867,0.457935
0.437939,1,0.501616,0.457889
0.437764,1,0.501366,0.457843
0.437589,1,0.501115,0.457798
0.437414,1,0.500864,0.457752
0.437239,1,0.500614,0.457706
0.437064,1,0.500364,0.45766
0.436889,1,0.500114,0.457615
0.436714,1,0.499864,0.457569
0.43654,1,0.499614,0.457523
0.436365,1,0.499364,0.457477
0.43619,1,0.499114,0.457432
0.436016,1,0.498865,0.457386
0.435842,1,0.498615,0.45734
0.435667,1,0.498366,0.457294
0.435493,1,0.498117,0.457249
0.435319,1,0.497868,0.457203
0.435145,1,0.497619,0.457157
0.434971,1,0.49737,0.457111
0.434797,1,0.497121,0.457066
0.434623,1,0.496873,0.45702
0.434449,1,0.496624,0.456974
0.434275,1,0.496376,0.456929
0.434101,1,0.496128,0.456883
0.433928,1,0.49588,0.456837
0.433754,1,0.495632,0.456792
0.433581,1,0.495384,0.456746
0.433407,1,0.495137,0.4567
0.433234,1,0.494889,0.456655
0.433061,1,0.494642,0.456609
0.432887,1,0.494394,0.456563
0.432714,1,0.494147,0.456518
0.432541,1,0.4939,0.456472
0.432368,1,0.493653,0.456426
0.432195,1,0.493406,0.456381
0.432022,1,0.49316,0.456335
0.43185,1,0.492913,0.456289
0.431677,1,0.492667,0.456244
0.431504,1,0.49242,0.456198
0.431332,1,0.492174,0.456152
0.431159,1,0.491928,0.456107
0.430987,1,0.491682,0.456061
0.430814,1,0.491436,0.456016
0.430642,1,0.491191,0.45597
0.43047,1,0.490945,0.455924
0.430298,1,0.4907,0.455879
0.430126,1,0.490454,0.455833
0.429953,1,0.490209,0.455788
0.429781,1,0.489964,0.455742
0.42961,1,0.489719,0.455697
0.429438,1,0.489474,0.455651
0.429266,1,0.489229,0.455605
0.429094,1,0.488985,0.45556
0.428923,1,0.48874,0.455514
0.428751,1,0.488496,0.455469
0.42858,1,0.488252,0.455423
0.428408,1,0.488008,0.455378
0.428237,1,0.487764,0.455332
0.428066,1,0.48752,0.455287
0.427894,1,0.487276,0.455241
0.427723,1,0.487032,0.455196
0.427552,1,0.486789,0.45515
0.427381,1,0.486546,0.455104
0.42721,1,0.486302,0.455059
0.427039,1,0.486059,0.455013
0.426869,1,0.485816,0.454968
0.426698,1,0.485573,0.454922
0.426527,1,0.485331,0.454877
0.426357,1,0.485088,0.454831
0.426186,1,0.484845,0.454786
0.426016,1,0.484603,0.454741
0.425845,1,0.484361,0.454695
0.425675,1,0.484118,0.45465
0.425505,1,0.483876,0.454604
0.425334,1,0.483635,0.454559
0.425164,1,0.483393,0.454513
0.424994,1,0.483151,0.454468
0.424824,1,0.482909,0.454422
0.424654,1,0.482668,0.454377
0.424484,1,0.482427,0.454331
0.424315,1,0.482186,0.454286
0.424145,1,0.481944,0.454241
0.423975,1,0.481704,0.454195
0.423806,1,0.481463,0.45415
0.423636,1,0.481222,0.454104
0.423467,1,0.480981,0.454059
0.423297,1,0.480741,0.454013
0.423128,1,0.480501,0.453968
0.422959,1,0.48026,0.453923
0.42279,1,0.48002,0.453877
0.422621,1,0.47978,0.453832
0.422452,1,0.47954,0.453787
0.422283,1,0.479301,0.453741
0.422114,1,0.479061,0.453696
0.421945,1,0.478821,0.45365
0.421776,1,0.478582,0.453605
0.421607,1,0.478343,0.45356
0.421439,1,0.478104,0.453514
0.42127,1,0.477865,0.453469
0.421102,1,0.477626,0.453424
0.420933,1,0.477387,0.453378
0.420765,1,0.477148,0.453333
0.420597,1,0.47691,0.453288
0.420428,1,0.476671,0.453242
0.42026,1,0.476433,0.453197
0.420092,1,0.476195,0.453152
0.419924,1,0.475957,0.453106
0.419756,1,0.475719,0.453061
0.419588,1,0.475481,0.453016
0.41942,1,0.475243,0.45297
0.419253,1,0.475006,0.452925
0.419085,1,0.474768,0.45288
0.418917,1,0.474531,0.452835
0.41875,1,0.474293,0.452789
0.418582,1,0.474056,0.452744
0.418415,1,0.473819,0.452699
0.418248,1,0.473582,0.452653
0.41808,1,0.473346,0.452608
0.417913,1,0.473109,0.452563
0.417746,1,0.472872,0.452518
0.417579,1,0.472636,0.452472
0.417412,1,0.4724,0.452427
0.417245,1,0.472164,0.452382
0.417078,1,0.471927,0.452337
0.416911,1,0.471692,0.452291
0.416744,1,0.471456,0.452246
0.416578,1,0.47122,0.452201
0.416411,1,0.470984,0.452156
0.416245,1,0.470749,0.452111
0.416078,1,0.470514,0.452065
0.415912,1,0.470278,0.45202
0.415745,1,0.470043,0.451975
0.415579,1,0.469808,0.45193
0.415413,1,0.469573,0.451885
0.415247,1,0.469339,0.451839
0.415081,1,0.469104,0.451794
0.414915,1,0.468869,0.451749
0.414749,1,0.468635,0.451704
0.414583,1,0.468401,0.451659
0.414417,1,0.468166,0.451613
0.414251,1,0.467932,0.451568
0.414085,1,0.467698,0.451523
0.41392,1,0.467465,0.451478
0.413754,1,0.467231,0.451433
0.413589,1,0.466997,0.451388
0.413423,1,0.466764,0.451343
0.413258,1,0.46653,0.451297
0.413093,1,0.466297,0.451252
0.412927,1,0.466064,0.451207
0.412762,1,0.465831,0.451162
0.412597,1,0.465598,0.451117
0.412432,1,0.465365,0.451072
0.412267,1,0.465133,0.451027
0.412102,1,0.4649,0.450982
0.411937,1,0.464668,0.450936
0.411773,1,0.464435,0.450891
0.411608,1,0.464203,0.450846
0.411443,1,0.463971,0.450801
0.411279,1,0.463739,0.450756
0.411114,1,0.463507,0.450711
0.41095,1,0.463276,0.450666
0.410786,1,0.463044,0.450621
0.410621,1,0.462813,0.450576
0.410457,1,0.462581,0.450531
0.410293,1,0.46235,0.450486
0.410129,1,0.462119,0.450441
0.409965,1,0.461888,0.450396
0.409801,1,0.461657,0.450351
0.409637,1,0.461426,0.450306
0.409473,1,0.461195,0.450261
0.409309,1,0.460965,0.450216
0.409145,1,0.460734,0.450171
0.408982,1,0.460504,0.450126
0.408818,1,0.460274,0.45008
0.408655,1,0.460043,0.450035
0.408491,1,0.459813,0.44999
0.408328,1,0.459584,0.449945
0.408165,1,0.459354,0.4499
0.408001,1,0.459124,0.449855
0.407838,1,0.458895,0.449811
0.407675,1,0.458665,0.449766
0.407512,1,0.458436,0.449721
0.407349,1,0.458207,0.449676
0.407186,1,0.457978,0.449631
0.407023,1,0.457749,0.449586
0.40686,1,0.45752,0.449541
0.406698,1,0.457291,0.449496
0.406535,1,0.457062,0.449451
0.406372,1,0.456834,0.449406
0.40621,1,0.456605,0.449361
0.406047,1,0.456377,0.449316
0.405885,1,0.456149,0.449271
0.405723,1,0.455921,0.449226
0.40556,1,0.455693,0.449181
0.405398,1,0.455465,0.449136
0.405236,1,0.455237,0.449091
0.405074,1,0.45501,0.449046
0.404912,1,0.454782,0.449002
0.40475,1,0.454555,0.448957
0.404588,1,0.454328,0.448912
0.404426,1,0.454101,0.448867
0.404264,1,0.453874,0.448822
0.404103,1,0.453647,0.448777
0.403941,1,0.45342,0.448732
0.40378,1,0.453193,0.448687
0.403618,1,0.452967,0.448642
0.403457,1,0.45274,0.448598
0.403295,1,0.452514,0.448553
0.403134,1,0.452288,0.448508
0.402973,1,0.452061,0.448463
0.402812,1,0.451835,0.448418
0.40265,1,0.451609,0.448373
0.402489,1,0.451384,0.448329
0.402328,1,0.451158,0.448284
0.402167,1,0.450932,0.448239
0.402007,1,0.450707,0.448194
0.401846,1,0.450482,0.448149
0.401685,1,0.450256,0.448104
0.401524,1,0.450031,0.44806
0.401364,1,0.449806,0.448015
0.401203,1,0.449581,0.44797
0.401043,1,0.449357,0.447925
0.400882,1,0.449132,0.44788
0.400722,1,0.448907,0.447836
0.400562,1,0.448683,0.447791
0.400402,1,0.448459,0.447746
0.400241,1,0.448235,0.447701
0.400081,1,0.44801,0.447656
0.399921,1,0.447786,0.447612
0.399761,1,0.447563,0.447567
0.399602,1,0.447339,0.447522
0.399442,1,0.447115,0.447477
0.399282,1,0.446892,0.447433
0.399122,1,0.446668,0.447388
0.398963,1,0.446445,0.447343
0.398923,0.999896,0.4464,0.447298
0.398883,0.999793,0.446356,0.447254
0.398843,0.999689,0.446311,0.447209
0.398803,0.999585,0.446266,0.447164
0.398763,0.999481,0.446222,0.44712
0.398723,0.999378,0.446177,0.447075
0.398683,0.999274,0.446132,0.44703
0.398644,0.99917,0.446088,0.446985
0.398604,0.999067,0.446043,0.446941
0.398564,0.998963,0.445999,0.446896
0.398524,0.998859,0.445954,0.446851
0.398484,0.998756,0.445909,0.446807
0.398444,0.998652,0.445865,0.446762
0.398404,0.998548,0.44582,0.446717
0.398365,0.998445,0.445776,0.446673
0.398325,0.998341,0.445731,0.446628
0.398285,0.998238,0.445687,0.446583
0.398245,0.998134,0.445642,0.446539
0.398205,0.998031,0.445597,0.446494
0.398165,0.997927,0.445553,0.446449
0.398126,0.997824,0.445508,0.446405
0.398086,0.99772,0.445464,0.44636
0.398046,0.997616,0.445419,0.446315
0.398006,0.997513,0.445375,0.446271
0.397966,0.99741,0.44533,0.446226
0.397927,0.997306,0.445286,0.446182
0.397887,0.997203,0.445241,0.446137
0.397847,0.997099,0.445197,0.446092
0.397807,0.996996,0.445152,0.446048
0.397767,0.996892,0.445107,0.446003
0.397728,0.996789,0.445063,0.445959
0.397688,0.996685,0.445018,0.445914
0.397648,0.996582,0.444974,0.445869
0.397608,0.996479,0.444929,0.445825
0.397569,0.996375,0.444885,0.44578
0.397529,0.996272,0.44484,0.445736
0.397489,0.996168,0.444796,0.445691
0.397449,0.996065,0.444752,0.445646
0.39741,0.995962,0.444707,0.445602
0.39737,0.995858,0.444663,0.445557
0.39733,0.995755,0.444618,0.445513
0.39729,0.995652,0.444574,0.445468
0.397251,0.995548,0.444529,0.445424
0.397211,0.995445,0.444485,0.445379
0.397171,0.995342,0.44444,0.445335
0.397131,0.995239,0.444396,0.44529
0.397092,0.995135,0.444351,0.445246
0.397052,0.995032,0.444307,0.445201
0.397012,0.994929,0.444263,0.445156
0.396973,0.994826,0.444218,0.445112
0.396933,0.994723,0.444174,0.445067
0.396893,0.994619,0.444129,0.445023
0.396854,0.994516,0.444085,0.444978
0.396814,0.994413,0.44404,0.444934
0.396774,0.99431,0.443996,0.444889
0.396735,0.994207,0.443952,0.444845
0.396695,0.994103,0.443907,0.4448
0.396655,0.994,0.443863,0.444756
0.396616,0.993897,0.443818,0.444712
0.396576,0.993794,0.443774,0.444667
0.396536,0.993691,0.44373,0.444623
0.396497,0.993588,0.443685,0.444578
0.396457,0.993485,0.443641,0.444534
0.396417,0.993382,0.443597,0.444489
0.396378,0.993279,0.443552,0.444445
0.396338,0.993176,0.443508,0.4444
0.396298,0.993073,0.443464,0.444356
0.396259,0.99297,0.443419,0.444311
0.396219,0.992867,0.443375,0.444267
0.396179,0.992764,0.443331,0.444223
0.39614,0.992661,0.443286,0.444178
0.3961,0.992558,0.443242,0.444134
0.396061,0.992455,0.443198,0.444089
0.396021,0.992352,0.443153,0.444045
0.395981,0.992249,0.443109,0.444001
0.395942,0.992146,0.443065,0.443956
0.395902,0.992043,0.44302,0.443912
0.395863,0.99194,0.442976,0.443867
0.395823,0.991837,0.442932,0.443823
0.395783,0.991734,0.442887,0.443779
0.395744,0.991631,0.442843,0.443734
0.395704,0.991528,0.442799,0.44369
0.395665,0.991425,0.442755,0.443645
0.395625,0.991323,0.44271,0.443601
0.395586,0.99122,0.442666,0.443557
0.395546,0.991117,0.442622,0.443512
0.395506,0.991014,0.442577,0.443468
0.395467,0.990911,0.442533,0.443424
0.395427,0.990808,0.442489,0.443379
0.395388,0.990706,0.442445,0.443335
0.395348,0.990603,0.4424,0.443291
0.395309,0.9905,0.442356,0.443246
0.395269,0.990397,0.442312,0.443202
0.39523,0.990294,0.442268,0.443158
0.39519,0.990192,0.442224,0.443113
0.395151,0.990089,0.442179,0.443069
0.395111,0.989986,0.442135,0.443025
0.395072,0.989884,0.442091,0.44298
0.395032,0.989781,0.442047,0.442936
0.394993,0.989678,0.442002,0.442892
0.394953,0.989576,0.441958,0.442848
0.394914,0.989473,0.441914,0.442803
0.394874,0.98937,0.44187,0.442759
0.394835,0.989268,0.441826,0.442715
0.394795,0.989165,0.441781,0.44267
0.394756,0.989062,0.441737,0.442626
0.394716,0.98896,0.441693,0.442582
0.394677,0.988857,0.441649,0.442538
0.394637,0.988754,0.441605,0.442493
0.394598,0.988652,0.441561,0.442449
0.394558,0.988549,0.441516,0.442405
0.394519,0.988447,0.441472,0.442361
0.394479,0.988344,0.441428,0.442316
0.39444,0.988242,0.441384,0.442272
0.394401,0.988139,0.44134,0.442228
0.394361,0.988037,0.441296,0.442184
0.394322,0.987934,0.441252,0.44214
0.394282,0.987832,0.441208,0.442095
0.394243,0.987729,0.441163,0.442051
0.394203,0.987627,0.441119,0.442007
0.394164,0.987524,0.441075,0.441963
0.394125,0.987422,0.441031,0.441919
0.394085,0.987319,0.440987,0.441874
0.394046,0.987217,0.440943,0.44183
0.394006,0.987114,0.440899,0.441786
0.393967,0.987012,0.440855,0.441742
0.393928,0.98691,0.440811,0.441698
0.393888,0.986807,0.440767,0.441653
0.393849,0.986705,0.440722,0.441609
0.393809,0.986602,0.440678,0.441565
0.39377,0.9865,0.440634,0.441521
0.393731,0.986398,0.44059,0.441477
0.393691,0.986295,0.440546,0.441433
0.393652,0.986193,0.440502,0.441389
0.393613,0.986091,0.440458,0.441344
0.393573,0.985988,0.440414,0.4413
0.393534,0.985886,0.44037,0.441256
0.393494,0.985784,0.440326,0.441212
0.393455,0.985682,0.440282,0.441168
0.393416,0.985579,0.440238,0.441124
0.393376,0.985477,0.440194,0.44108
0.393337,0.985375,0.44015,0.441036
0.393298,0.985273,0.440106,0.440991
0.393258,0.98517,0.440062,0.440947
0.393219,0.985068,0.440018,0.440903
0.39318,0.984966,0.439974,0.440859
0.39314,0.984864,0.43993,0.440815
0.393101,0.984762,0.439886,0.440771
0.393062,0.984659,0.439842,0.440727
0.393023,0.984557,0.439798,0.440683
0.392983,0.984455,0.439754,0.440639
0.392944,0.984353,0.43971,0.440595
0.392905,0.984251,0.439666,0.440551
0.392865,0.984149,0.439622,0.440507
0.392826,0.984047,0.439578,0.440463
0.392787,0.983945,0.439534,0.440418
0.392747,0.983843,0.43949,0.440374
0.392708,0.98374,0.439446,0.44033
0.392669,0.983638,0.439402,0.440286
0.39263,0.983536,0.439358,0.440242
0.39259,0.983434,0.439314,0.440198
0.392551,0.983332,0.43927,0.440154
0.392512,0.98323,0.439226,0.44011
0.392473,0.983128,0.439183,0.440066
0.392433,0.983026,0.439139,0.440022
0.392394,0.982924,0.439095,0.439978
0.392355,0.982822,0.439051,0.439934
0.392316,0.98272,0.439007,0.43989
0.392276,0.982618,0.438963,0.439846
0.392237,0.982516,0.438919,0.439802
0.392198,0.982414,0.438875,0.439758
0.392159,0.982313,0.438831,0.439714
0.39212,0.982211,0.438787,0.43967
0.39208,0.982109,0.438744,0.439626
0.392041,0.982007,0.4387,0.439582
0.392002,0.981905,0.438656,0.439538
0.391963,0.981803,0.438612,0.439495
0.391924,0.981701,0.438568,0.439451
0.391884,0.981599,0.438524,0.439407
0.391845,0.981498,0.43848,0.439363
0.391806,0.981396,0.438437,0.439319
0.391767,0.981294,0.438393,0.439275
0.391728,0.981192,0.438349,0.439231
0.391688,0.98109,0.438305,0.439187
0.391649,0.980988,0.438261,0.439143
0.39161,0.980887,0.438217,0.439099
0.391571,0.980785,0.438174,0.439055
0.391532,0.980683,0.43813,0.439011
0.391493,0.980581,0.438086,0.438967
0.391453,0.98048,0.438042,0.438924
0.391414,0.980378,0.437998,0.43888
0.391375,0.980276,0.437954,0.438836
0.391336,0.980175,0.437911,0.438792
0.391297,0.980073,0.437867,0.438748
0.391258,0.979971,0.437823,0.438704
0.391219,0.97987,0.437779,0.43866
0.39118,0.979768,0.437736,0.438616
0.39114,0.979666,0.437692,0.438573
0.391101,0.979565,0.437648,0.438529
0.391062,0.979463,0.437604,0.438485
0.391023,0.979361,0.43756,0.438441
0.390984,0.97926,0.437517,0.438397
0.390945,0.979158,0.437473,0.438353
0.390906,0.979057,0.437429,0.438309
0.390867,0.978955,0.437385,0.438266
0.390828,0.978853,0.437342,0.438222
0.390789,0.978752,0.437298,0.438178
0.390749,0.97865,0.437254,0.438134
0.39071,0.978549,0.437211,0.43809
0.390671,0.978447,0.437167,0.438047
0.390632,0.978346,0.437123,0.438003
0.390593,0.978244,0.437079,0.437959
0.390554,0.978143,0.437036,0.437915
0.390515,0.978041,0.436992,0.437871
0.390476,0.97794,0.436948,0.437828
0.390437,0.977838,0.436905,0.437784
0.390398,0.977737,0.436861,0.43774
0.390359,0.977635,0.436817,0.437696
0.39032,0.977534,0.436774,0.437652
0.390281,0.977433,0.43673,0.437609
0.390242,0.977331,0.436686,0.437565
0.390203,0.97723,0.436643,0.437521
0.390164,0.977128,0.436599,0.437477
0.390125,0.977027,0.436555,0.437434
0.390086,0.976926,0.436512,0.43739
0.390047,0.976824,0.436468,0.437346
0.390008,0.976723,0.436424,0.437302
0.389969,0.976622,0.436381,0.437259
0.38993,0.97652,0.436337,0.437215
0.389891,0.976419,0.436293,0.437171
0.389852,0.976318,0.43625,0.437128
0.389813,0.976216,0.436206,0.437084
0.389774,0.976115,0.436162,0.43704
0.389735,0.976014,0.436119,0.436996
0.389696,0.975913,0.436075,0.436953
0.389657,0.975811,0.436032,0.436909
0.389618,0.97571,0.435988,0.436865
0.389579,0.975609,0.435944,0.436822
0.38954,0.975508,0.435901,0.436778
0.389501,0.975406,0.435857,0.436734
0.389462,0.975305,0.435814,0.436691
0.389423,0.975204,0.43577,0.436647
0.389384,0.975103,0.435726,0.436603
0.389345,0.975002,0.435683,0.43656
0.389306,0.974901,0.435639,0.436516
0.389267,0.974799,0.435596,0.436472
0.389228,0.974698,0.435552,0.436429
0.38919,0.974597,0.435509,0.436385
0.389151,0.974496,0.435465,0.436341
0.389112,0.974395,0.435422,0.436298
0.389073,0.974294,0.435378,0.436254
0.389034,0.974193,0.435334,0.43621
0.388995,0.974092,0.435291,0.436167
0.388956,0.973991,0.435247,0.436123
0.388917,0.97389,0.435204,0.43608
0.388878,0.973789,0.43516,0.436036
0.388839,0.973687,0.435117,0.435992
0.3888,0.973586,0.435073,0.435949
0.388762,0.973485,0.43503,0.435905
0.388723,0.973384,0.434986,0.435862
0.388684,0.973283,0.434943,0.435818
0.388645,0.973183,0.434899,0.435774
0.388606,0.973082,0.434856,0.435731
0.388567,0.972981,0.434812,0.435687
0.388528,0.97288,0.434769,0.435644
0.38849,0.972779,0.434725,0.4356
0.388451,0.972678,0.434682,0.435557
0.388412,0.972577,0.434638,0.435513
0.388373,0.972476,0.434595,0.43547
0.388334,0.972375,0.434552,0.435426
0.388295,0.972274,0.434508,0.435382
0.388257,0.972173,0.434465,0.435339
0.388218,0.972072,0.434421,0.435295
0.388179,0.971972,0.434378,0.435252
0.38814,0.971871,0.434334,0.435208
0.388101,0.97177,0.434291,0.435165
0.388062,0.971669,0.434247,0.435121
0.388024,0.971568,0.434204,0.435078
0.387985,0.971467,0.434161,0.435034
0.387946,0.971367,0.434117,0.434991
0.387907,0.971266,0.434074,0.434947
0.387868,0.971165,0.43403,0.434904
0.38783,0.971064,0.433987,0.43486
0.387791,0.970964,0.433944,0.434817
0.387752,0.970863,0.4339,0.434773
0.387713,0.970762,0.433857,0.43473
0.387675,0.970661,0.433813,0.434686
0.387636,0.970561,0.43377,0.434643
0.387597,0.97046,0.433727,0.434599
0.387558,0.970359,0.433683,0.434556
0.38752,0.970259,0.43364,0.434512
0.387481,0.970158,0.433597,0.434469
0.387442,0.970057,0.433553,0.434426
0.387403,0.969957,0.43351,0.434382
0.387365,0.969856,0.433466,0.434339
0.387326,0.969756,0.433423,0.434295
0.387287,0.969655,0.43338,0.434252
0.387248,0.969554,0.433336,0.434208
0.38721,0.969454,0.433293,0.434165
0.387171,0.969353,0.43325,0.434122
0.387132,0.969253,0.433206,0.434078
0.387093,0.969152,0.433163,0.434035
0.387055,0.969051,0.43312,0.433991
0.387016,0.968951,0.433076,0.433948
0.386977,0.96885,0.433033,0.433905
0.386939,0.96875,0.43299,0.433861
0.3869,0.968649,0.432947,0.433818
0.386861,0.968549,0.432903,0.433774
0.386823,0.968448,0.43286,0.433731
0.386784,0.968348,0.432817,0.433688
0.386745,0.968247,0.432773,0.433644
0.386707,0.968147,0.43273,0.433601
0.386668,0.968047,0.432687,0.433558
0.386629,0.967946,0.432644,0.433514
0.386591,0.967846,0.4326,0.433471
0.386552,0.967745,0.432557,0.433428
0.386513,0.967645,0.432514,0.433384
0.386475,0.967544,0.432471,0.433341
0.386436,0.967444,0.432427,0.433297
0.386397,0.967344,0.432384,0.433254
0.386359,0.967243,0.432341,0.433211
0.38632,0.967143,0.432298,0.433168
0.386281,0.967043,0.432254,0.433124
0.386243,0.966942,0.432211,0.433081
0.386204,0.966842,0.432168,0.433038
0.386165,0.966742,0.432125,0.432994
0.386127,0.966641,0.432082,0.432951
0.386088,0.966541,0.432038,0.432908
0.38605,0.966441,0.431995,0.432864
0.386011,0.966341,0.431952,0.432821
0.385972,0.96624,0.431909,0.432778
0.385934,0.96614,0.431866,0.432735
0.385895,0.96604,0.431822,0.432691
0.385857,0.96594,0.431779,0.432648
0.385818,0.965839,0.431736,0.432605
0.385779,0.965739,0.431693,0.432561
0.385741,0.965639,0.43165,0.432518
0.385702,0.965539,0.431606,0.432475
0.385664,0.965439,0.431563,0.432432
0.385625,0.965338,0.43152,0.432388
0.385587,0.965238,0.431477,0.432345
0.385548,0.965138,0.431434,0.432302
0.38551,0.965038,0.431391,0.432259
0.385471,0.964938,0.431348,0.432216
0.385432,0.964838,0.431304,0.432172
0.385394,0.964738,0.431261,0.432129
0.385355,0.964638,0.431218,0.432086
0.385317,0.964538,0.431175,0.432043
0.385278,0.964437,0.431132,0.431999
0.38524,0.964337,0.431089,0.431956
0.385201,0.964237,0.431046,0.431913
0.385163,0.964137,0.431003,0.43187
0.385124,0.964037,0.43096,0.431827
0.385086,0.963937,0.430916,0.431784
0.385047,0.963837,0.430873,0.43174
0.385009,0.963737,0.43083,0.431697
0.38497,0.963637,0.430787,0.431654
0.384932,0.963537,0.430744,0.431611
0.384893,0.963437,0.430701,0.431568
0.384855,0.963337,0.430658,0.431525
0.384816,0.963237,0.430615,0.431481
0.384778,0.963138,0.430572,0.431438
0.384739,0.963038,0.430529,0.431395
0.384701,0.962938,0.430486,0.431352
0.384662,0.962838,0.430443,0.431309
0.384624,0.962738,0.4304,0.431266
0.384585,0.962638,0.430357,0.431223
0.384547,0.962538,0.430314,0.431179
0.384508,0.962438,0.43027,0.431136
0.38447,0.962338,0.430227,0.431093
0.384432,0.962239,0.430184,0.43105
0.384393,0.962139,0.430141,0.431007
0.384355,0.962039,0.430098,0.430964
0.384316,0.961939,0.430055,0.430921
0.384278,0.961839,0.430012,0.430878
0.384239,0.96174,0.429969,0.430835
0.384201,0.96164,0.429926,0.430792
0.384163,0.96154,0.429883,0.430748
0.384124,0.96144,0.42984,0.430705
0.384086,0.96134,0.429797,0.430662
0.384047,0.961241,0.429754,0.430619
0.384009,0.961141,0.429711,0.430576
0.38397,0.961041,0.429669,0.430533
0.383932,0.960942,0.429626,0.43049
0.383894,0.960842,0.429583,0.430447
0.383855,0.960742,0.42954,0.430404
0.383817,0.960643,0.429497,0.430361
0.383779,0.960543,0.429454,0.430318
0.38374,0.960443,0.429411,0.430275
0.383702,0.960344,0.429368,0.430232
0.383663,0.960244,0.429325,0.430189
0.383625,0.960144,0.429282,0.430146
0.383587,0.960045,0.429239,0.430103
0.383548,0.959945,0.429196,0.43006
0.38351,0.959845,0.429153,0.430017
0.383472,0.959746,0.42911,0.429974
0.383433,0.959646,0.429067,0.429931
0.383395,0.959547,0.429024,0.429888
0.383357,0.959447,0.428982,0.429845
0.383318,0.959348,0.428939,0.429802
0.38328,0.959248,0.428896,0.429759
0.383242,0.959149,0.428853,0.429716
0.383203,0.959049,0.42881,0.429673
0.383165,0.95895,0.428767,0.42963
0.383127,0.95885,0.428724,0.429587
0.383088,0.958751,0.428681,0.429544
0.38305,0.958651,0.428638,0.429501
0.383012,0.958552,0.428596,0.429458
0.382973,0.958452,0.428553,0.429415
0.382935,0.958353,0.42851,0.429372
0.382897,0.958253,0.428467,0.429329
0.382859,0.958154,0.428424,0.429286
0.38282,0.958055,0.428381,0.429243
0.382782,0.957955,0.428339,0.4292
0.382744,0.957856,0.428296,0.429158
0.382705,0.957756,0.428253,0.429115
0.382667,0.957657,0.42821,0.429072
0.382629,0.957558,0.428167,0.429029
0.382591,0.957458,0.428124,0.428986
0.382552,0.957359,0.428082,0.428943
0.382514,0.95726,0.428039,0.4289
0.382476,0.95716,0.427996,0.428857
0.382438,0.957061,0.427953,0.428814
0.382399,0.956962,0.42791,0.428771
0.382361,0.956862,0.427868,0.428729
0.382323,0.956763,0.427825,0.428686
0.382285,0.956664,0.427782,0.428643
0.382246,0.956565,0.427739,0.4286
0.382208,0.956465,0.427696,0.428557
0.38217,0.956366,0.427654,0.428514
0.382132,0.956267,0.427611,0.428471
0.382094,0.956168,0.427568,0.428429
0.382055,0.956069,0.427525,0.428386
0.382017,0.955969,0.427483,0.428343
0.381979,0.95587,0.42744,0.4283
0.381941,0.955771,0.427397,0.428257
0.381903,0.955672,0.427354,0.428214
0.381864,0.955573,0.427312,0.428172
0.381826,0.955474,0.427269,0.428129
0.381788,0.955374,0.427226,0.428086
0.38175,0.955275,0.427184,0.428043
0.381712,0.955176,0.427141,0.428
0.381673,0.955077,0.427098,0.427958
0.381635,0.954978,0.427055,0.427915
0.381597,0.954879,0.427013,0.427872
0.381559,0.95478,0.42697,0.427829
0.381521,0.954681,0.426927,0.427786
0.381483,0.954582,0.426885,0.427744
0.381445,0.954483,0.426842,0.427701
0.381406,0.954384,0.426799,0.427658
0.381368,0.954285,0.426757,0.427615
0.38133,0.954186,0.426714,0.427573
0.381292,0.954087,0.426671,0.42753
0.381254,0.953988,0.426629,0.427487
0.381216,0.953889,0.426586,0.427444
0.381178,0.95379,0.426543,0.427401
0.381139,0.953691,0.426501,0.427359
0.381101,0.953592,0.426458,0.427316
0.381063,0.953493,0.426415,0.427273
0.381025,0.953394,0.426373,0.427231
0.380987,0.953295,0.42633,0.427188
0.380949,0.953196,0.426287,0.427145
0.380911,0.953097,0.426245,0.427102
0.380873,0.952998,0.426202,0.42706
0.380835,0.9529,0.426159,0.427017
0.380797,0.952801,0.426117,0.426974
0.380758,0.952702,0.426074,0.426932
0.38072,0.952603,0.426032,0.426889
0.380682,0.952504,0.425989,0.426846
0.380644,0.952405,0.425946,0.426804
0.380606,0.952307,0.425904,0.426761
0.380568,0.952208,0.425861,0.426718
0.38053,0.952109,0.425819,0.426675
0.380492,0.95201,0.425776,0.426633
0.380454,0.951911,0.425733,0.42659
0.380416,0.951813,0.425691,0.426548
0.380378,0.951714,0.425648,0.426505
0.38034,0.951615,0.425606,0.426462
0.380302,0.951516,0.425563,0.42642
0.380264,0.951418,0.425521,0.426377
0.380226,0.951319,0.425478,0.426334
0.380188,0.95122,0.425436,0.426292
0.38015,0.951122,0.425393,0.426249
0.380112,0.951023,0.42535,0.426206
0.380074,0.950924,0.425308,0.426164
0.380036,0.950826,0.425265,0.426121
0.379998,0.950727,0.425223,0.426079
0.37996,0.950628,0.42518,0.426036
0.379922,0.95053,0.425138,0.425993
0.379884,0.950431,0.425095,0.425951
0.379846,0.950332,0.425053,0.425908
0.379808,0.950234,0.42501,0.425866
0.37977,0.950135,0.424968,0.425823
0.379732,0.950037,0.424925,0.42578
0.379694,0.949938,0.424883,0.425738
0.379656,0.94984,0.42484,0.425695
0.379618,0.949741,0.424798,0.425653
0.37958,0.949643,0.424755,0.42561
0.379542,0.949544,0.424713,0.425568
0.379504,0.949445,0.42467,0.425525
0.379466,0.949347,0.424628,0.425482
0.379428,0.949248,0.424585,0.42544
0.37939,0.94915,0.424543,0.425397
0.379352,0.949052,0.424501,0.425355
0.379314,0.948953,0.424458,0.425312
0.379276,0.948855,0.424416,0.42527
0.379238,0.948756,0.424373,0.425227
0.379201,0.948658,0.424331,0.425185
0.379163,0.948559,0.424288,0.425142
0.379125,0.948461,0.424246,0.4251
0.379087,0.948362,0.424204,0.425057
0.379049,0.948264,0.424161,0.425015
0.379011,0.948166,0.424119,0.424972
0.378973,0.948067,0.424076,0.42493
0.378935,0.947969,0.424034,0.424887
0.378897,0.947871,0.423991,0.424845
0.378859,0.947772,0.423949,0.424802
0.378821,0.947674,0.423907,0.42476
0.378784,0.947576,0.423864,0.424717
0.378746,0.947477,0.423822,0.424675
0.378708,0.947379,0.42378,0.424632
0.37867,0.947281,0.423737,0.42459
0.378632,0.947182,0.423695,0.424547
0.378594,0.947084,0.423652,0.424505
0.378556,0.946986,0.42361,0.424462
0.378519,0.946888,0.423568,0.42442
0.378481,0.946789,0.423525,0.424378
0.378443,0.946691,0.423483,0.424335
0.378405,0.946593,0.423441,0.424293
0.378367,0.946495,0.423398,0.42425
0.378329,0.946397,0.423356,0.424208
0.378291,0.946298,0.423314,0.424165
0.378254,0.9462,0.423271,0.424123
0.378216,0.946102,0.423229,0.424081
0.378178,0.946004,0.423187,0.424038
0.37814,0.945906,0.423144,0.423996
0.378102,0.945808,0.423102,0.423953
0.378065,0.945709,0.42306,0.423911
0.378027,0.945611,0.423017,0.423869
0.377989,0.945513,0.422975,0.423826
0.377951,0.945415,0.422933,0.423784
0.377913,0.945317,0.42289,0.423741
0.377876,0.945219,0.422848,0.423699
0.377838,0.945121,0.422806,0.423657
0.3778,0.945023,0.422764,0.423614
0.377762,0.944925,0.422721,0.423572
0.377724,0.944827,0.422679,0.42353
0.377687,0.944729,0.422637,0.423487
0.377649,0.944631,0.422595,0.423445
0.377611,0.944533,0.422552,0.423403
0.377573,0.944435,0.42251,0.42336
0.377536,0.944337,0.422468,0.423318
0.377498,0.944239,0.422426,0.423276
0.37746,0.944141,0.422383,0.423233
0.377422,0.944043,0.422341,0.423191
0.377385,0.943945,0.422299,0.423149
0.377347,0.943847,0.422257,0.423106
0.377309,0.943749,0.422214,0.423064
0.377271,0.943651,0.422172,0.423022
0.377234,0.943553,0.42213,0.422979
0.377196,0.943455,0.422088,0.422937
0.377158,0.943358,0.422045,0.422895
0.377121,0.94326,0.422003,0.422852
0.377083,0.943162,0.421961,0.42281
0.377045,0.943064,0.421919,0.422768
0.377007,0.942966,0.421877,0.422726
0.37697,0.942868,0.421835,0.422683
0.376932,0.94277,0.421792,0.422641
0.376894,0.942673,0.42175,0.422599
0.376857,0.942575,0.421708,0.422557
0.376819,0.942477,0.421666,0.422514
0.376781,0.942379,0.421624,0.422472
0.376744,0.942281,0.421581,0.42243
0.376706,0.942184,0.421539,0.422388
0.376668,0.942086,0.421497,0.422345
0.376631,0.941988,0.421455,0.422303
0.376593,0.94189,0.421413,0.422261
0.376555,0.941793,0.421371,0.422219
0.376518,0.941695,0.421329,0.422176
0.37648,0.941597,0.421286,0.422134
0.376442,0.9415,0.421244,0.422092
0.376405,0.941402,0.421202,0.42205
0.376367,0.941304,0.42116,0.422008
0.376329,0.941207,0.421118,0.421965
0.376292,0.941109,0.421076,0.421923
0.376254,0.941011,0.421034,0.421881
0.376216,0.940914,0.420992,0.421839
0.376179,0.940816,0.42095,0.421797
0.376141,0.940719,0.420907,0.421754
0.376104,0.940621,0.420865,0.421712
0.376066,0.940523,0.420823,0.42167
0.376028,0.940426,0.420781,0.421628
0.375991,0.940328,0.420739,0.421586
0.375953,0.940231,0.420697,0.421544
0.375916,0.940133,0.420655,0.421501
0.375878,0.940036,0.420613,0.421459
0.37584,0.939938,0.420571,0.421417
0.375803,0.93984,0.420529,0.421375
0.375765,0.939743,0.420487,0.421333
0.375728,0.939645,0.420445,0.421291
0.37569,0.939548,0.420403,0.421249
0.375653,0.939451,0.420361,0.421206
0.375615,0.939353,0.420319,0.421164
0.375577,0.939256,0.420277,0.421122
0.37554,0.939158,0.420234,0.42108
0.375502,0.939061,0.420192,0.421038
0.375465,0.938963,0.42015,0.420996
0.375427,0.938866,0.420108,0.420954
0.37539,0.938768,0.420066,0.420912
0.375352,0.938671,0.420024,0.42087
0.375315,0.938574,0.419982,0.420828
0.375277,0.938476,0.41994,0.420785
0.37524,0.938379,0.419898,0.420743
0.375202,0.938282,0.419856,0.420701
0.375164,0.938184,0.419814,0.420659
0.375127,0.938087,0.419772,0.420617
0.375089,0.93799,0.41973,0.420575
0.375052,0.937892,0.419689,0.420533
0.375014,0.937795,0.419647,0.420491
0.374977,0.937698,0.419605,0.420449
0.374939,0.9376,0.419563,0.420407
0.374902,0.937503,0.419521,0.420365
0.374864,0.937406,0.419479,0.420323
0.374827,0.937309,0.419437,0.420281
0.374789,0.937211,0.419395,0.420239
0.374752,0.937114,0.419353,0.420197
0.374715,0.937017,0.419311,0.420155
0.374677,0.93692,0.419269,0.420113
0.37464,0.936822,0.419227,0.420071
0.374602,0.936725,0.419185,0.420029
0.374565,0.936628,0.419143,0.419987
0.374527,0.936531,0.419101,0.419945
0.37449,0.936434,0.419059,0.419903
0.374452,0.936337,0.419018,0.419861
0.374415,0.936239,0.418976,0.419819
0.374377,0.936142,0.418934,0.419777
0.37434,0.936045,0.418892,0.419735
0.374303,0.935948,0.41885,0.419693
0.374265,0.935851,0.418808,0.419651
0.374228,0.935754,0.418766,0.419609
0.37419,0.935657,0.418724,0.419567
0.374153,0.93556,0.418682,0.419525
0.374115,0.935463,0.418641,0.419483
0.374078,0.935366,0.418599,0.419441
0.374041,0.935269,0.418557,0.419399
0.374003,0.935172,0.418515,0.419357
0.373966,0.935075,0.418473,0.419315
0.373928,0.934977,0.418431,0.419273
0.373891,0.93488,0.418389,0.419231
0.373854,0.934783,0.418348,0.419189
0.373816,0.934687,0.418306,0.419147
0.373779,0.93459,0.418264,0.419106
0.373741,0.934493,0.418222,0.419064
0.373704,0.934396,0.41818,0.419022
0.373667,0.934299,0.418138,0.41898
0.373629,0.934202,0.418097,0.418938
0.373592,0.934105,0.418055,0.418896
0.373555,0.934008,0.418013,0.418854
0.373517,0.933911,0.417971,0.418812
0.37348,0.933814,0.417929,0.41877
0.373443,0.933717,0.417888,0.418729
0.373405,0.93362,0.417846,0.418687
0.373368,0.933524,0.417804,0.418645
0.373331,0.933427,0.417762,0.418603
0.373293,0.93333,0.417721,0.418561
0.373256,0.933233,0.417679,0.418519
0.373219,0.933136,0.417637,0.418477
0.373181,0.933039,0.417595,0.418436
0.373144,0.932943,0.417553,0.418394
0.373107,0.932846,0.417512,0.418352
0.373069,0.932749,0.41747,0.41831
0.373032,0.932652,0.417428,0.418268
0.372995,0.932555,0.417386,0.418226
0.372957,0.932459,0.417345,0.418185
0.37292,0.932362,0.417303,0.418143
0.372883,0.932265,0.417261,0.418101
0.372846,0.932168,0.41722,0.418059
0.372808,0.932072,0.417178,0.418017
0.372771,0.931975,0.417136,0.417975
0.372734,0.931878,0.417094,0.417934
0.372696,0.931782,0.417053,0.417892
0.372659,0.931685,0.417011,0.41785
0.372622,0.931588,0.416969,0.417808
0.372585,0.931492,0.416928,0.417767
0.372547,0.931395,0.416886,0.417725
0.37251,0.931298,0.416844,0.417683
0.372473,0.931202,0.416802,0.417641
0.372436,0.931105,0.416761,0.417599
0.372398,0.931009,0.416719,0.417558
0.372361,0.930912,0.416677,0.417516
0.372324,0.930815,0.416636,0.417474
0.372287,0.930719,0.416594,0.417432
0.372249,0.930622,0.416552,0.417391
0.372212,0.930526,0.416511,0.417349
0.372175,0.930429,0.416469,0.417307
0.372138,0.930333,0.416428,0.417265
0.372101,0.930236,0.416386,0.417224
0.372063,0.93014,0.416344,0.417182
0.372026,0.930043,0.416303,0.41714
0.371989,0.929947,0.416261,0.417099
0.371952,0.92985,0.416219,0.417057
0.371915,0.929754,0.416178,0.417015
0.371877,0.929657,0.416136,0.416973
0.37184,0.929561,0.416094,0.416932
0.371803,0.929464,0.416053,0.41689
0.371766,0.929368,0.416011,0.416848
0.371729,0.929271,0.41597,0.416807
0.371691,0.929175,0.415928,0.416765
0.371654,0.929079,0.415886,0.416723
0.371617,0.928982,0.415845,0.416682
0.37158,0.928886,0.415803,0.41664
0.371543,0.92879,0.415762,0.416598
0.371506,0.928693,0.41572,0.416557
0.371468,0.928597,0.415679,0.416515
0.371431,0.9285,0.415637,0.416473
0.371394,0.928404,0.415595,0.416432
0.371357,0.928308,0.415554,0.41639
0.37132,0.928212,0.415512,0.416348
0.371283,0.928115,0.415471,0.416307
0.371246,0.928019,0.415429,0.416265
0.371209,0.927923,0.415388,0.416224
0.371171,0.927826,0.415346,0.416182
0.371134,0.92773,0.415305,0.41614
0.371097,0.927634,0.415263,0.416099
0.37106,0.927538,0.415222,0.416057
0.371023,0.927441,0.41518,0.416015
0.370986,0.927345,0.415139,0.415974
0.370949,0.927249,0.415097,0.415932
0.370912,0.927153,0.415056,0.415891
0.370875,0.927057,0.415014,0.415849
0.370838,0.92696,0.414972,0.415808
0.3708,0.926864,0.414931,0.415766
0.370763,0.926768,0.41489,0.415724
0.370726,0.926672,0.414848,0.415683
0.370689,0.926576,0.414807,0.415641
0.370652,0.92648,0.414765,0.4156
0.370615,0.926384,0.414724,0.415558
0.370578,0.926287,0.414682,0.415517
0.370541,0.926191,0.414641,0.415475
0.370504,0.926095,0.414599,0.415433
0.370467,0.925999,0.414558,0.415392
0.37043,0.925903,0.414516,0.41535
0.370393,0.925807,0.414475,0.415309
0.370356,0.925711,0.414433,0.415267
0.370319,0.925615,0.414392,0.415226
0.370282,0.925519,0.41435,0.415184
0.370245,0.925423,0.414309,0.415143
0.370208,0.925327,0.414268,0.415101
0.370171,0.925231,0.414226,0.41506
0.370134,0.925135,0.414185,0.415018
0.370097,0.925039,0.414143,0.414977
0.37006,0.924943,0.414102,0.414935
0.370023,0.924847,0.414061,0.414894
0.369986,0.924751,0.414019,0.414852
0.369949,0.924655,0.413978,0.414811
0.369912,0.924559,0.413936,0.414769
0.369875,0.924463,0.413895,0.414728
0.369838,0.924367,0.413854,0.414686
0.369801,0.924271,0.413812,0.414645
0.369764,0.924175,0.413771,0.414603
0.369727,0.92408,0.413729,0.414562
0.36969,0.923984,0.413688,0.41452
0.369653,0.923888,0.413647,0.414479
0.369616,0.923792,0.413605,0.414438
0.369579,0.923696,0.413564,0.414396
0.369542,0.9236,0.413523,0.414355
0.369505,0.923505,0.413481,0.414313
0.369468,0.923409,0.41344,0.414272
0.369431,0.923313,0.413399,0.41423
0.369394,0.923217,0.413357,0.414189
0.369357,0.923121,0.413316,0.414148
0.36932,0.923026,0.413275,0.414106
0.369283,0.92293,0.413233,0.414065
0.369246,0.922834,0.413192,0.414023
0.369209,0.922738,0.413151,0.413982
0.369172,0.922643,0.413109,0.413941
0.369135,0.922547,0.413068,0.413899
0.369099,0.922451,0.413027,0.413858
0.369062,0.922355,0.412985,0.413816
0.369025,0.92226,0.412944,0.413775
0.368988,0.922164,0.412903,0.413734
0.368951,0.922068,0.412861,0.413692
0.368914,0.921973,0.41282,0.413651
0.368877,0.921877,0.412779,0.413609
0.36884,0.921781,0.412738,0.413568
0.368803,0.921686,0.412696,0.413527
0.368767,0.92159,0.412655,0.413485
0.36873,0.921495,0.412614,0.413444
0.368693,0.921399,0.412573,0.413403
0.368656,0.921303,0.412531,0.413361
0.368619,0.921208,0.41249,0.41332
0.368582,0.921112,0.412449,0.413279
0.368545,0.921017,0.412408,0.413237
0.368508,0.920921,0.412366,0.413196
0.368472,0.920826,0.412325,0.413155
0.368435,0.92073,0.412284,0.413113
0.368398,0.920634,0.412243,0.413072
0.368361,0.920539,0.412201,0.413031
0.368324,0.920443,0.41216,0.412989
0.368287,0.920348,0.412119,0.412948
0.368251,0.920252,0.412078,0.412907
0.368214,0.920157,0.412036,0.412866
0.368177,0.920062,0.411995,0.412824
0.36814,0.919966,0.411954,0.412783
0.368103,0.919871,0.411913,0.412742
0.368066,0.919775,0.411872,0.4127
0.36803,0.91968,0.411831,0.412659
0.367993,0.919584,0.411789,0.412618
0.367956,0.919489,0.411748,0.412577
0.367919,0.919394,0.411707,0.412535
0.367882,0.919298,0.411666,0.412494
0.367846,0.919203,0.411625,0.412453
0.367809,0.919107,0.411583,0.412412
0.367772,0.919012,0.411542,0.41237
0.367735,0.918917,0.411501,0.412329
0.367699,0.918821,0.41146,0.412288
0.367662,0.918726,0.411419,0.412247
0.367625,0.918631,0.411378,0.412206
0.367588,0.918535,0.411337,0.412164
0.367552,0.91844,0.411295,0.412123
0.367515,0.918345,0.411254,0.412082
0.367478,0.91825,0.411213,0.412041
0.367441,0.918154,0.411172,0.411999
0.367405,0.918059,0.411131,0.411958
0.367368,0.917964,0.41109,0.411917
0.367331,0.917869,0.411049,0.411876
0.367294,0.917773,0.411008,0.411835
0.367258,0.917678,0.410967,0.411793
0.367221,0.917583,0.410925,0.411752
0.367184,0.917488,0.410884,0.411711
0.367147,0.917392,0.410843,0.41167
0.367111,0.917297,0.410802,0.411629
0.367074,0.917202,0.410761,0.411588
0.367037,0.917107,0.41072,0.411546
0.367001,0.917012,0.410679,0.411505
0.366964,0.916917,0.410638,0.411464
0.366927,0.916822,0.410597,0.411423
0.366891,0.916726,0.410556,0.411382
0.366854,0.916631,0.410515,0.411341
0.366817,0.916536,0.410474,0.4113
0.36678,0.916441,0.410433,0.411258
0.366744,0.916346,0.410392,0.411217
0.366707,0.916251,0.410351,0.411176
0.36667,0.916156,0.410309,0.411135
0.366634,0.916061,0.410268,0.411094
0.366597,0.915966,0.410227,0.411053
0.36656,0.915871,0.410186,0.411012
0.366524,0.915776,0.410145,0.410971
0.366487,0.915681,0.410104,0.41093
0.36645,0.915586,0.410063,0.410888
0.366414,0.915491,0.410022,0.410847
0.366377,0.915396,0.409981,0.410806
0.366341,0.915301,0.40994,0.410765
0.366304,0.915206,0.409899,0.410724
0.366267,0.915111,0.409858,0.410683
0.366231,0.915016,0.409817,0.410642
0.366194,0.914921,0.409776,0.410601
0.366157,0.914826,0.409735,0.41056
0.366121,0.914731,0.409694,0.410519
0.366084,0.914636,0.409653,0.410478
0.366048,0.914541,0.409613,0.410437
0.366011,0.914447,0.409572,0.410396
0.365974,0.914352,0.409531,0.410355
0.365938,0.914257,0.40949,0.410314
0.365901,0.914162,0.409449,0.410273
0.365865,0.914067,0.409408,0.410232
0.365828,0.913972,0.409367,0.410191
0.365791,0.913877,0.409326,0.41015
0.365755,0.913783,0.409285,0.410109
0.365718,0.913688,0.409244,0.410067
0.365682,0.913593,0.409203,0.410026
0.365645,0.913498,0.409162,0.409985
0.365609,0.913403,0.409121,0.409944
0.365572,0.913309,0.40908,0.409903
0.365535,0.913214,0.409039,0.409863
0.365499,0.913119,0.408999,0.409822
0.365462,0.913024,0.408958,0.409781
0.365426,0.91293,0.408917,0.40974
0.365389,0.912835,0.408876,0.409699
0.365353,0.91274,0.408835,0.409658
0.365316,0.912646,0.408794,0.409617
0.36528,0.912551,0.408753,0.409576
0.365243,0.912456,0.408712,0.409535
0.365207,0.912362,0.408671,0.409494
0.36517,0.912267,0.408631,0.409453
0.365134,0.912172,0.40859,0.409412
0.365097,0.912078,0.408549,0.409371
0.365061,0.911983,0.408508,0.40933
0.365024,0.911888,0.408467,0.409289
0.364988,0.911794,0.408426,0.409248
0.364951,0.911699,0.408385,0.409207
0.364915,0.911605,0.408345,0.409166
0.364878,0.91151,0.408304,0.409125
0.364842,0.911415,0.408263,0.409084
0.364805,0.911321,0.408222,0.409044
0.364769,0.911226,0.408181,0.409003
0.364732,0.911132,0.40814,0.408962
0.364696,0.911037,0.4081,0.408921
0.364659,0.910943,0.408059,0.40888
0.364623,0.910848,0.408018,0.408839
0.364586,0.910754,0.407977,0.408798
0.36455,0.910659,0.407936,0.408757
0.364513,0.910565,0.407896,0.408716
0.364477,0.91047,0.407855,0.408676
0.36444,0.910376,0.407814,0.408635
0.364404,0.910281,0.407773,0.408594
0.364368,0.910187,0.407733,0.408553
0.364331,0.910093,0.407692,0.408512
0.364295,0.909998,0.407651,0.408471
0.364258,0.909904,0.40761,0.40843
0.364222,0.909809,0.407569,0.40839
0.364185,0.909715,0.407529,0.408349
0.364149,0.909621,0.407488,0.408308
0.364113,0.909526,0.407447,0.408267
0.364076,0.909432,0.407406,0.408226
0.36404,0.909337,0.407366,0.408185
0.364003,0.909243,0.407325,0.408145
0.363967,0.909149,0.407284,0.408104
0.363931,0.909054,0.407244,0.408063
0.363894,0.90896,0.407203,0.408022
0.363858,0.908866,0.407162,0.407981
0.363821,0.908772,0.407121,0.407941
0.363785,0.908677,0.407081,0.4079
0.363749,0.908583,0.40704,0.407859
0.363712,0.908489,0.406999,0.407818
0.363676,0.908394,0.406959,0.407777
0.36364,0.9083,0.406918,0.407737
0.363603,0.908206,0.406877,0.407696
0.363567,0.908112,0.406836,0.407655
0.36353,0.908018,0.406796,0.407614
0.363494,0.907923,0.406755,0.407574
0.363458,0.907829,0.406714,0.407533
0.363421,0.907735,0.406674,0.407492
0.363385,0.907641,0.406633,0.407451
0.363349,0.907547,0.406592,0.407411
0.363312,0.907452,0.406552,0.40737
0.363276,0.907358,0.406511,0.407329
0.36324,0.907264,0.40647,0.407288
0.363203,0.90717,0.40643,0.407248
0.363167,0.907076,0.406389,0.407207
0.363131,0.906982,0.406349,0.407166
0.363094,0.906888,0.406308,0.407125
0.363058,0.906794,0.406267,0.407085
0.363022,0.9067,0.406227,0.407044
0.362986,0.906606,0.406186,0.407003
0.362949,0.906511,0.406145,0.406963
0.362913,0.906417,0.406105,0.406922
0.362877,0.906323,0.406064,0.406881
0.36284,0.906229,0.406024,0.406841
0.362804,0.906135,0.405983,0.4068
0.362768,0.906041,0.405942,0.406759
0.362731,0.905947,0.405902,0.406719
0.362695,0.905853,0.405861,0.406678
0.362659,0.905759,0.405821,0.406637
0.362623,0.905665,0.40578,0.406597
0.362586,0.905571,0.405739,0.406556
0.36255,0.905477,0.405699,0.406515
0.362514,0.905383,0.405658,0.406475
0.362478,0.90529,0.405618,0.406434
0.362441,0.905196,0.405577,0.406393
0.362405,0.905102,0.405537,0.406353
0.362369,0.905008,0.405496,0.406312
0.362333,0.904914,0.405455,0.406271
0.362296,0.90482,0.405415,0.406231
0.36226,0.904726,0.405374,0.40619
0.362224,0.904632,0.405334,0.406149
0.362188,0.904538,0.405293,0.406109
0.362152,0.904445,0.405253,0.406068
0.362115,0.904351,0.405212,0.406028
0.362079,0.904257,0.405172,0.405987
0.362043,0.904163,0.405131,0.405946
0.362007,0.904069,0.405091,0.405906
0.361971,0.903976,0.40505,0.405865
0.361934,0.903882,0.40501,0.405825
0.361898,0.903788,0.404969,0.405784
0.361862,0.903694,0.404929,0.405744
0.361826,0.9036,0.404888,0.405703
0.36179,0.903507,0.404848,0.405662
0.361753,0.903413,0.404807,0.405622
0.361717,0.903319,0.404767,0.405581
0.361681,0.903226,0.404726,0.405541
0.361645,0.903132,0.404686,0.4055
0.361609,0.903038,0.404645,0.40546
0.361573,0.902944,0.404605,0.405419
0.361536,0.902851,0.404564,0.405379
0.3615,0.902757,0.404524,0.405338
0.361464,0.902663,0.404484,0.405297
0.361428,0.90257,0.404443,0.405257
0.361392,0.902476,0.404403,0.405216
0.361356,0.902382,0.404362,0.405176
0.36132,0.902289,0.404322,0.405135
0.361283,0.902195,0.404281,0.405095
0.361247,0.902102,0.404241,0.405054
0.361211,0.902008,0.4042,0.405014
0.361175,0.901914,0.40416,0.404973
0.361139,0.901821,0.40412,0.404933
0.361103,0.901727,0.404079,0.404892
0.361067,0.901634,0.404039,0.404852
0.361031,0.90154,0.403998,0.404811
0.360994,0.901447,0.403958,0.404771
0.360958,0.901353,0.403918,0.40473
0.360922,0.90126,0.403877,0.40469
0.360886,0.901166,0.403837,0.404649
0.36085,0.901073,0.403796,0.404609
0.360814,0.900979,0.403756,0.404569
0.360778,0.900886,0.403716,0.404528
0.360742,0.900792,0.403675,0.404488
0.360706,0.900699,0.403635,0.404447
0.36067,0.900605,0.403595,0.404407
0.360634,0.900512,0.403554,0.404366
0.360598,0.900418,0.403514,0.404326
0.360562,0.900325,0.403474,0.404285
0.360525,0.900232,0.403433,0.404245
0.360489,0.900138,0.403393,0.404205
0.360453,0.900045,0.403352,0.404164
0.360417,0.899951,0.403312,0.404124
0.360381,0.899858,0.403272,0.404083
0.360345,0.899765,0.403231,0.404043
0.360309,0.899671,0.403191,0.404002
0.360273,0.899578,0.403151,0.403962
0.360237,0.899485,0.403111,0.403922
0.360201,0.899391,0.40307,0.403881
